epoch,global_step,train_loss,train_accuracy,train_perplexity,learning_rate,val_loss,val_accuracy,val_perplexity,model_type,encoding,k_value,total_param_l2_norm
0,10,4.022844314575195,0.0,55.859764099121094,0.001,2.8940088748931885,0.0,18.065587997436523,transformer,embedding,2,295.830643735826
1,20,2.6611058712005615,0.0,14.312108039855957,0.001,2.420372486114502,0.0,11.250048637390137,transformer,embedding,2,297.08559108525515
2,30,2.3591513633728027,0.807823121547699,10.5819673538208,0.001,2.3304738998413086,0.9564293026924133,10.28281307220459,transformer,embedding,2,298.06423795223236
3,40,2.314743995666504,1.211734652519226,10.122331619262695,0.001,2.3116655349731445,0.9139213562011719,10.091217994689941,transformer,embedding,2,298.52413135766983
4,50,2.3041770458221436,1.2755101919174194,10.015932083129883,0.001,2.307072162628174,0.9776833057403564,10.044971466064453,transformer,embedding,2,298.66448767483234
5,60,2.2982723712921143,0.9566326141357422,9.956965446472168,0.001,2.3061320781707764,0.7651434540748596,10.03553295135498,transformer,embedding,2,298.6827138364315
6,70,2.295290470123291,1.2542517185211182,9.927319526672363,0.001,2.306041955947876,0.935175359249115,10.034628868103027,transformer,embedding,2,298.6535272076726
7,80,2.296281337738037,0.9991496801376343,9.93716049194336,0.001,2.305523633956909,0.8501594066619873,10.029428482055664,transformer,embedding,2,298.62645603716373
8,90,2.290923595428467,1.1479592323303223,9.884062767028809,0.001,2.305527687072754,0.8926673531532288,10.02946949005127,transformer,embedding,2,298.6371969282627
9,100,2.287898540496826,1.4880952835083008,9.854207992553711,0.001,2.308981418609619,0.6163655519485474,10.064167976379395,transformer,embedding,2,298.72134394943714
10,110,2.2839667797088623,1.7006802558898926,9.815539360046387,0.001,2.312816619873047,0.701381504535675,10.102840423583984,transformer,embedding,2,298.8924867063761
11,120,2.280402183532715,1.3180272579193115,9.78061294555664,0.001,NaN,NaN,NaN,transformer,embedding,2,299.13354663550854
12,130,2.2696285247802734,1.8282313346862793,9.675806045532227,0.001,2.333303451538086,0.4888416528701782,10.31195068359375,transformer,embedding,2,299.51448748260736
13,140,2.2591347694396973,2.2959184646606445,9.574801445007324,0.001,NaN,NaN,NaN,transformer,embedding,2,300.01374627649784
14,150,2.2379260063171387,2.848639488220215,9.373869895935059,0.001,2.3944647312164307,0.4463336765766144,10.962328910827637,transformer,embedding,2,300.6019327864051
15,160,2.2083628177642822,3.210033893585205,9.100804328918457,0.001,NaN,NaN,NaN,transformer,embedding,2,301.244754627347
16,170,2.1772656440734863,3.890305995941162,8.822150230407715,0.001,2.482686758041382,0.6376195549964905,11.973390579223633,transformer,embedding,2,301.96127611398697
17,180,2.141613483428955,5.3146257400512695,8.513162612915039,0.001,NaN,NaN,NaN,transformer,embedding,2,302.6861047670245
18,190,2.1019318103790283,7.419217586517334,8.181961059570312,0.001,2.504059076309204,0.6588735580444336,12.232044219970703,transformer,embedding,2,303.56273863464594
19,200,2.0609347820281982,8.928570747375488,7.853307723999023,0.001,NaN,NaN,NaN,transformer,embedding,2,304.5137247890234
20,210,2.0178704261779785,10.714285850524902,7.522288799285889,0.001,2.5299105644226074,0.9139213562011719,12.552383422851562,transformer,embedding,2,305.5777062177658
21,220,1.9690271615982056,13.541666030883789,7.163703918457031,0.001,NaN,NaN,NaN,transformer,embedding,2,306.6728114262223
22,230,1.926682949066162,16.347789764404297,6.866695404052734,0.001,2.537137985229492,1.0201913118362427,12.643433570861816,transformer,embedding,2,307.8815489783883
23,240,1.8673677444458008,19.45153045654297,6.471240043640137,0.001,NaN,NaN,NaN,transformer,embedding,2,309.16101026535034
24,250,1.8122823238372803,22.512754440307617,6.124409198760986,0.001,2.551713466644287,1.3815090656280518,12.82906723022461,transformer,embedding,2,310.4694144129753
25,260,1.7435473203659058,26.084182739257812,5.717589378356934,0.001,NaN,NaN,NaN,transformer,embedding,2,311.8410159498453
26,270,1.6703147888183594,30.038265228271484,5.313840389251709,0.001,2.55556321144104,2.1679065227508545,12.87855052947998,transformer,embedding,2,313.2760012000799
27,280,1.5993767976760864,33.69472885131836,4.949946880340576,0.001,NaN,NaN,NaN,transformer,embedding,2,314.7357747480273
28,290,1.5169365406036377,37.69132614135742,4.558239936828613,0.001,2.540098190307617,2.678002119064331,12.680915832519531,transformer,embedding,2,316.2245256751776
29,300,1.4312504529953003,41.96428680419922,4.183927536010742,0.001,NaN,NaN,NaN,transformer,embedding,2,317.70857498049736
30,310,1.3474793434143066,45.238094329833984,3.847714424133301,0.001,2.5083489418029785,5.462274074554443,12.28463077545166,transformer,embedding,2,319.16432170569897
31,320,1.2422418594360352,50.93537139892578,3.463369131088257,0.001,NaN,NaN,NaN,transformer,embedding,2,320.6291527226567
32,330,1.1520966291427612,53.698978424072266,3.1648213863372803,0.001,2.4878528118133545,7.353878498077393,12.035406112670898,transformer,embedding,2,322.05985701084137
33,340,1.078237533569336,56.71768569946289,2.9394941329956055,0.001,NaN,NaN,NaN,transformer,embedding,2,323.4744610413909
34,350,0.9776862263679504,60.71428298950195,2.6582984924316406,0.001,2.444235324859619,11.519659996032715,11.521736145019531,transformer,embedding,2,324.79376420378685
35,360,0.8751069903373718,66.0289077758789,2.399132013320923,0.001,NaN,NaN,NaN,transformer,embedding,2,326.047271579504
36,370,0.7878633141517639,69.79166412353516,2.1986935138702393,0.001,2.397749662399292,16.23804473876953,10.998398780822754,transformer,embedding,2,327.2845578491688
37,380,0.7070204615592957,74.149658203125,2.027940034866333,0.001,NaN,NaN,NaN,transformer,embedding,2,328.46428698301315
38,390,0.6285775899887085,77.40220642089844,1.8749417066574097,0.001,2.3249223232269287,22.763017654418945,10.225885391235352,transformer,embedding,2,329.56028643995523
39,400,0.5459578633308411,82.61054229736328,1.7262611389160156,0.001,NaN,NaN,NaN,transformer,embedding,2,330.6132570505142
40,410,0.4740424156188965,85.8205795288086,1.6064751148223877,0.001,2.28715443611145,28.331560134887695,9.846878051757812,transformer,embedding,2,331.59369396418333
41,420,0.40825191140174866,88.98809051513672,1.5041860342025757,0.001,NaN,NaN,NaN,transformer,embedding,2,332.5381435379386
42,430,0.35737764835357666,91.15646362304688,1.4295756816864014,0.001,2.256474256515503,31.392135620117188,9.549361228942871,transformer,embedding,2,333.4132609963417
43,440,0.3061593472957611,93.04846954345703,1.3581987619400024,0.001,NaN,NaN,NaN,transformer,embedding,2,334.2291655689478
44,450,0.2659614682197571,94.36649322509766,1.3046847581863403,0.001,2.2470107078552246,35.26036071777344,9.459416389465332,transformer,embedding,2,334.98432244360447
45,460,0.22222040593624115,95.64200592041016,1.2488466501235962,0.001,NaN,NaN,NaN,transformer,embedding,2,335.6931099444628
46,470,0.17946991324424744,97.23639678955078,1.1965829133987427,0.001,2.202547073364258,40.0212516784668,9.048029899597168,transformer,embedding,2,336.3415656760335
47,480,0.154990091919899,97.95918273925781,1.1676464080810547,0.001,NaN,NaN,NaN,transformer,embedding,2,336.94477970153093
48,490,0.13017764687538147,98.34183502197266,1.1390306949615479,0.001,2.2147364616394043,41.74282455444336,9.158994674682617,transformer,embedding,2,337.51312144845724
49,500,0.10850467532873154,98.68196868896484,1.1146100759506226,0.001,NaN,NaN,NaN,transformer,embedding,2,338.0103857293725
50,510,0.08879592269659042,99.02210998535156,1.0928575992584229,0.001,2.2278242111206055,42.784271240234375,9.279653549194336,transformer,embedding,2,338.4578296095133
51,520,0.07620366662740707,99.149658203125,1.0791823863983154,0.001,NaN,NaN,NaN,transformer,embedding,2,338.8836035579443
52,530,0.06710323691368103,99.34098815917969,1.0694059133529663,0.001,NaN,NaN,NaN,transformer,embedding,2,339.272712521255
53,540,0.05996532365679741,99.3197250366211,1.0617997646331787,0.001,NaN,NaN,NaN,transformer,embedding,2,339.6315744742751
54,550,0.05448385328054428,99.44728088378906,1.0559954643249512,0.001,NaN,NaN,NaN,transformer,embedding,2,339.9634209424257
55,560,0.054461296647787094,99.34098052978516,1.055971622467041,0.001,2.28950834274292,44.27204895019531,9.870083808898926,transformer,embedding,2,340.2905812561512
56,570,0.0517234280705452,99.21343231201172,1.0530844926834106,0.001,NaN,NaN,NaN,transformer,embedding,2,340.5974799543619
57,580,0.04144318029284477,99.46853637695312,1.0423139333724976,0.001,NaN,NaN,NaN,transformer,embedding,2,340.90733543783426
58,590,0.03216974437236786,99.70237731933594,1.032692790031433,0.001,NaN,NaN,NaN,transformer,embedding,2,341.18429071456194
59,600,0.026925809681415558,99.68112182617188,1.0272915363311768,0.001,NaN,NaN,NaN,transformer,embedding,2,341.41817523539066
60,610,0.026937667280435562,99.72364044189453,1.0273038148880005,0.001,2.3195505142211914,45.29224395751953,10.171101570129395,transformer,embedding,2,341.65878263115883
61,620,0.022195355966687202,99.72364044189453,1.0224435329437256,0.001,NaN,NaN,NaN,transformer,embedding,2,341.8753833472729
62,630,0.016357282176613808,99.87245178222656,1.0164917707443237,0.001,NaN,NaN,NaN,transformer,embedding,2,342.0584624707699
63,640,0.011793977580964565,99.93622589111328,1.0118638277053833,0.001,NaN,NaN,NaN,transformer,embedding,2,342.1862265393138
64,650,0.011259621940553188,99.80867004394531,1.0113232135772705,0.001,NaN,NaN,NaN,transformer,embedding,2,342.29258678108454
65,660,0.013211475685238838,99.80867004394531,1.0132991075515747,0.001,2.3982298374176025,45.844844818115234,11.003681182861328,transformer,embedding,2,342.3936085700989
66,670,0.014682762324810028,99.7448959350586,1.0147911310195923,0.001,NaN,NaN,NaN,transformer,embedding,2,342.5632903650403
67,680,0.01734434999525547,99.76615905761719,1.0174956321716309,0.001,NaN,NaN,NaN,transformer,embedding,2,342.76895420253277
68,690,0.037165094166994095,99.08588409423828,1.037864327430725,0.001,NaN,NaN,NaN,transformer,embedding,2,343.10505387187004
69,700,0.03459429740905762,99.36224365234375,1.0351996421813965,0.001,NaN,NaN,NaN,transformer,embedding,2,343.60024008899927
70,710,0.03019442781805992,99.34098815917969,1.0306549072265625,0.001,2.532299757003784,43.97449493408203,12.582408905029297,transformer,embedding,2,344.0828276798129
71,720,0.0327538326382637,99.4047622680664,1.0332961082458496,0.001,NaN,NaN,NaN,transformer,embedding,2,344.5446861758828
72,730,0.04035548120737076,99.10713958740234,1.0411808490753174,0.001,NaN,NaN,NaN,transformer,embedding,2,344.9934085458517
73,740,0.0326862558722496,99.27720642089844,1.0332263708114624,0.001,NaN,NaN,NaN,transformer,embedding,2,345.3810370862484
74,750,0.028293102979660034,99.3197250366211,1.02869713306427,0.001,NaN,NaN,NaN,transformer,embedding,2,345.7097547054291
75,760,0.02723313495516777,99.29846954345703,1.0276073217391968,0.001,2.6049892902374268,44.335811614990234,13.53108024597168,transformer,embedding,2,346.01256868988276
76,770,0.020802367478609085,99.53231048583984,1.0210202932357788,0.001,NaN,NaN,NaN,transformer,embedding,2,346.26152396947145
77,780,0.02109692431986332,99.51105499267578,1.0213210582733154,0.001,NaN,NaN,NaN,transformer,embedding,2,346.47134924679995
78,790,0.021505165845155716,99.48979187011719,1.021738052368164,0.001,NaN,NaN,NaN,transformer,embedding,2,346.6677015423775
79,800,0.014752794988453388,99.68112182617188,1.0148621797561646,0.001,NaN,NaN,NaN,transformer,embedding,2,346.85017885267735
80,810,0.012578806839883327,99.80867004394531,1.0126582384109497,0.001,2.6632206439971924,44.994686126708984,14.342406272888184,transformer,embedding,2,346.98212203383446
81,820,0.011221797205507755,99.89370727539062,1.0112849473953247,0.001,NaN,NaN,NaN,transformer,embedding,2,347.11815421283245
82,830,0.00693555548787117,99.93622589111328,1.0069596767425537,0.001,NaN,NaN,NaN,transformer,embedding,2,347.2160266712308
83,840,0.006787972990423441,99.89370727539062,1.0068110227584839,0.001,NaN,NaN,NaN,transformer,embedding,2,347.2790966928005
84,850,0.0058609191328287125,99.87245178222656,1.0058780908584595,0.001,NaN,NaN,NaN,transformer,embedding,2,347.32324300706387
85,860,0.004885704256594181,99.89370727539062,1.0048977136611938,0.001,2.668527126312256,46.29117965698242,14.418716430664062,transformer,embedding,2,347.3361274972558
86,870,0.004237220156937838,99.95748138427734,1.0042462348937988,0.001,NaN,NaN,NaN,transformer,embedding,2,347.3464684486389
87,880,0.0035828505642712116,99.91496276855469,1.0035892724990845,0.001,NaN,NaN,NaN,transformer,embedding,2,347.3474671840668
88,890,0.0034094832371920347,99.93622589111328,1.0034153461456299,0.001,NaN,NaN,NaN,transformer,embedding,2,347.354681186378
89,900,0.0038421631325036287,99.93622589111328,1.0038495063781738,0.001,NaN,NaN,NaN,transformer,embedding,2,347.36614664644003
90,910,0.0030776257626712322,99.91496276855469,1.0030823945999146,0.001,2.7401795387268066,46.37619400024414,15.489766120910645,transformer,embedding,2,347.370124027133
91,920,0.0038991498295217752,99.91496276855469,1.0039067268371582,0.001,NaN,NaN,NaN,transformer,embedding,2,347.42287803441286
92,930,0.008454774506390095,99.7448959350586,1.0084905624389648,0.001,NaN,NaN,NaN,transformer,embedding,2,347.5463634952903
93,940,0.011600147001445293,99.72364044189453,1.0116677284240723,0.001,NaN,NaN,NaN,transformer,embedding,2,347.7882580831647
94,950,0.01908447965979576,99.53231048583984,1.0192677974700928,0.001,NaN,NaN,NaN,transformer,embedding,2,348.1383229345083
95,960,0.0259319469332695,99.25595092773438,1.026271104812622,0.001,2.8452892303466797,43.3793830871582,17.20653533935547,transformer,embedding,2,348.5994449108839
96,970,0.032943084836006165,98.78826141357422,1.0334917306900024,0.001,NaN,NaN,NaN,transformer,embedding,2,349.00397339463234
97,980,0.04125247150659561,98.10799407958984,1.0421152114868164,0.001,NaN,NaN,NaN,transformer,embedding,2,349.461883276701
98,990,0.04477920010685921,98.19302368164062,1.0457968711853027,0.001,NaN,NaN,NaN,transformer,embedding,2,349.85877254605293
99,1000,0.03059196099638939,98.63945007324219,1.031064748764038,0.001,NaN,NaN,NaN,transformer,embedding,2,350.1853904277086
100,1010,0.025506939738988876,99.23468780517578,1.0258350372314453,0.001,2.902028799057007,44.208290100097656,18.2110538482666,transformer,embedding,2,350.43496784567833
101,1020,0.012087301351130009,99.76615905761719,1.0121606588363647,0.001,NaN,NaN,NaN,transformer,embedding,2,350.61555747687817
102,1030,0.006094109266996384,99.93622589111328,1.0061126947402954,0.001,NaN,NaN,NaN,transformer,embedding,2,350.682224676013
103,1040,0.0028530005365610123,99.97874450683594,1.0028570890426636,0.001,NaN,NaN,NaN,transformer,embedding,2,350.65153482556343
104,1050,0.0016970201395452023,100.0,1.0016984939575195,0.001,NaN,NaN,NaN,transformer,embedding,2,350.57536855340004
105,1060,0.001066094497218728,100.0,1.0010666847229004,0.001,2.9005203247070312,47.05632019042969,18.183605194091797,transformer,embedding,2,350.4682042449713
106,1070,0.0007777715218253434,100.0,1.000778079032898,0.001,NaN,NaN,NaN,transformer,embedding,2,350.34277230501175
107,1080,0.0006296667852438986,100.0,1.0006299018859863,0.001,NaN,NaN,NaN,transformer,embedding,2,350.20754224061966
108,1090,0.000543102971278131,100.0,1.000543236732483,0.001,NaN,NaN,NaN,transformer,embedding,2,350.066481128335
109,1100,0.00048682591295801103,100.0,1.000486969947815,0.001,NaN,NaN,NaN,transformer,embedding,2,349.92341101169586
110,1110,0.0004465406818781048,100.0,1.0004466772079468,0.001,2.8965775966644287,47.311370849609375,18.11205291748047,transformer,embedding,2,349.7808448076248
111,1120,0.0004126560816075653,100.0,1.0004127025604248,0.001,NaN,NaN,NaN,transformer,embedding,2,349.63829493522644
112,1130,0.00038447228143922985,100.0,1.0003845691680908,0.001,NaN,NaN,NaN,transformer,embedding,2,349.4966768026352
113,1140,0.00035908137215301394,100.0,1.0003591775894165,0.001,NaN,NaN,NaN,transformer,embedding,2,349.3569968342781
114,1150,0.0003370738122612238,100.0,1.0003371238708496,0.001,NaN,NaN,NaN,transformer,embedding,2,349.21882881224155
115,1160,0.0003164686495438218,100.0,1.0003165006637573,0.001,2.9010355472564697,47.417640686035156,18.192975997924805,transformer,embedding,2,349.08261477947235
116,1170,0.0002971174253616482,100.0,1.00029718875885,0.001,NaN,NaN,NaN,transformer,embedding,2,348.94797244668007
117,1180,0.00027957037673331797,100.0,1.0002796649932861,0.001,NaN,NaN,NaN,transformer,embedding,2,348.8162495493889
118,1190,0.00026305177016183734,100.0,1.0002630949020386,0.001,NaN,NaN,NaN,transformer,embedding,2,348.68581362068653
119,1200,0.0002475966466590762,100.0,1.000247597694397,0.001,NaN,NaN,NaN,transformer,embedding,2,348.5581692904234
120,1210,0.0002328225236851722,100.0,1.0002328157424927,0.001,2.9092013835906982,47.417640686035156,18.342144012451172,transformer,embedding,2,348.43244199454784
121,1220,0.00021912743977736682,100.0,1.0002191066741943,0.001,NaN,NaN,NaN,transformer,embedding,2,348.30950862169266
122,1230,0.00020584727462846786,100.0,1.0002058744430542,0.001,NaN,NaN,NaN,transformer,embedding,2,348.18868094682693
123,1240,0.0001937380147865042,100.0,1.00019371509552,0.001,NaN,NaN,NaN,transformer,embedding,2,348.07025368511677
124,1250,0.00018137795268557966,100.0,1.0001814365386963,0.001,NaN,NaN,NaN,transformer,embedding,2,347.9546509832144
125,1260,0.00017059524543583393,100.0,1.0001705884933472,0.001,2.922837018966675,47.48140335083008,18.593963623046875,transformer,embedding,2,347.8407279998064
126,1270,0.00015988877566996962,100.0,1.0001598596572876,0.001,NaN,NaN,NaN,transformer,embedding,2,347.73089803755283
127,1280,0.0001498070196248591,100.0,1.0001498460769653,0.001,NaN,NaN,NaN,transformer,embedding,2,347.6244416683912
128,1290,0.00014022449613548815,100.0,1.0001401901245117,0.001,NaN,NaN,NaN,transformer,embedding,2,347.5197829157114
129,1300,0.0001309276995016262,100.0,1.0001308917999268,0.001,NaN,NaN,NaN,transformer,embedding,2,347.4182513654232
130,1310,0.00012203044752823189,100.0,1.0001220703125,0.001,2.94113826751709,47.545162200927734,18.937389373779297,transformer,embedding,2,347.3202736079693
131,1320,0.00011397484922781587,100.0,1.0001139640808105,0.001,NaN,NaN,NaN,transformer,embedding,2,347.22515530884266
132,1330,0.0001062258452293463,100.0,1.0001062154769897,0.001,NaN,NaN,NaN,transformer,embedding,2,347.13171242177486
133,1340,9.865613537840545e-05,100.0,1.000098705291748,0.001,NaN,NaN,NaN,transformer,embedding,2,347.04028837382793
134,1350,9.196917380904779e-05,100.0,1.0000920295715332,0.001,NaN,NaN,NaN,transformer,embedding,2,346.9542690962553
135,1360,8.538815745851025e-05,100.0,1.0000853538513184,0.001,2.9667325019836426,47.5664176940918,19.428333282470703,transformer,embedding,2,346.8697102814913
136,1370,7.937757618492469e-05,100.0,1.0000793933868408,0.001,NaN,NaN,NaN,transformer,embedding,2,346.7892023772001
137,1380,7.349940278800204e-05,100.0,1.0000735521316528,0.001,NaN,NaN,NaN,transformer,embedding,2,346.71040765941143
138,1390,6.791084160795435e-05,100.0,1.000067949295044,0.001,NaN,NaN,NaN,transformer,embedding,2,346.63501293957233
139,1400,6.269563891692087e-05,100.0,1.0000627040863037,0.001,NaN,NaN,NaN,transformer,embedding,2,346.56228625774384
140,1410,5.79917395953089e-05,100.0,1.0000579357147217,0.001,2.9980111122131348,47.608924865722656,20.045629501342773,transformer,embedding,2,346.4922800809145
141,1420,5.3555177146336064e-05,100.0,1.0000535249710083,0.001,NaN,NaN,NaN,transformer,embedding,2,346.4248350560665
142,1430,4.922467269352637e-05,100.0,1.0000492334365845,0.001,NaN,NaN,NaN,transformer,embedding,2,346.3610977679491
143,1440,4.532496313913725e-05,100.0,1.0000452995300293,0.001,NaN,NaN,NaN,transformer,embedding,2,346.29820424318314
144,1450,4.170111787971109e-05,100.0,1.0000417232513428,0.001,NaN,NaN,NaN,transformer,embedding,2,346.2374210357666
145,1460,3.8465470424853265e-05,100.0,1.000038504600525,0.001,3.041290283203125,47.608924865722656,20.932233810424805,transformer,embedding,2,346.1800621896982
146,1470,3.535148789524101e-05,100.0,1.0000354051589966,0.001,NaN,NaN,NaN,transformer,embedding,2,346.1248662620783
147,1480,3.2401618227595463e-05,100.0,1.0000324249267578,0.001,NaN,NaN,NaN,transformer,embedding,2,346.0725892037153
148,1490,2.968948319903575e-05,100.0,1.0000296831130981,0.001,NaN,NaN,NaN,transformer,embedding,2,346.02234706282616
149,1500,2.7155407224199735e-05,100.0,1.0000271797180176,0.001,NaN,NaN,NaN,transformer,embedding,2,345.9736196696758
150,1510,2.5030323740793392e-05,100.0,1.0000250339508057,0.001,3.0845890045166016,47.65143585205078,21.85848045349121,transformer,embedding,2,345.92875368893147
151,1520,2.2805745174991898e-05,100.0,1.0000227689743042,0.001,NaN,NaN,NaN,transformer,embedding,2,345.88495157659054
152,1530,2.077885983453598e-05,100.0,1.0000207424163818,0.001,NaN,NaN,NaN,transformer,embedding,2,345.8433852940798
153,1540,1.8979617379955016e-05,100.0,1.0000189542770386,0.001,NaN,NaN,NaN,transformer,embedding,2,345.80411429703236
154,1550,1.7301412299275398e-05,100.0,1.0000172853469849,0.001,NaN,NaN,NaN,transformer,embedding,2,345.76445288956165
155,1560,1.573582812852692e-05,100.0,1.0000157356262207,0.001,3.1310181617736816,47.67268753051758,22.897281646728516,transformer,embedding,2,345.726150020957
156,1570,1.4311595805338584e-05,100.0,1.000014305114746,0.001,NaN,NaN,NaN,transformer,embedding,2,345.6893256753683
157,1580,1.3033742106927093e-05,100.0,1.000012993812561,0.001,NaN,NaN,NaN,transformer,embedding,2,345.6543186157942
158,1590,1.1828181413875427e-05,100.0,1.0000118017196655,0.001,NaN,NaN,NaN,transformer,embedding,2,345.6194843649864
159,1600,1.079883713828167e-05,100.0,1.0000108480453491,0.001,NaN,NaN,NaN,transformer,embedding,2,345.5882368683815
160,1610,9.800344741961453e-06,100.0,1.0000097751617432,0.001,3.1866793632507324,47.63018035888672,24.207908630371094,transformer,embedding,2,345.5556315481663
161,1620,8.932931450544856e-06,100.0,1.0000089406967163,0.001,NaN,NaN,NaN,transformer,embedding,2,345.52693325281143
162,1630,8.096391866274644e-06,100.0,1.0000081062316895,0.001,NaN,NaN,NaN,transformer,embedding,2,345.49551606178284
163,1640,7.334798283409327e-06,100.0,1.0000073909759521,0.001,NaN,NaN,NaN,transformer,embedding,2,345.4702611863613
164,1650,6.638549621129641e-06,100.0,1.0000066757202148,0.001,NaN,NaN,NaN,transformer,embedding,2,345.4418144673109
165,1660,6.079432296246523e-06,100.0,1.000006079673767,0.001,3.2397918701171875,47.65143585205078,25.52840805053711,transformer,embedding,2,345.416978508234
166,1670,5.538084224099293e-06,100.0,1.0000054836273193,0.001,NaN,NaN,NaN,transformer,embedding,2,345.3933111578226
167,1680,4.97770224683336e-06,100.0,1.0000050067901611,0.001,NaN,NaN,NaN,transformer,embedding,2,345.3688513189554
168,1690,4.52925132776727e-06,100.0,1.000004529953003,0.001,NaN,NaN,NaN,transformer,embedding,2,345.3442430049181
169,1700,4.091508799319854e-06,100.0,1.0000040531158447,0.001,NaN,NaN,NaN,transformer,embedding,2,345.3188306093216
170,1710,3.7084530504216673e-06,100.0,1.000003695487976,0.001,3.300477981567383,47.69394302368164,27.125600814819336,transformer,embedding,2,345.2939936667681
171,1720,3.360419896125677e-06,100.0,1.0000033378601074,0.001,NaN,NaN,NaN,transformer,embedding,2,345.2725736796856
172,1730,3.0454571060545277e-06,100.0,1.0000030994415283,0.001,NaN,NaN,NaN,transformer,embedding,2,345.24993976950645
173,1740,2.751490228547482e-06,100.0,1.0000027418136597,0.001,NaN,NaN,NaN,transformer,embedding,2,345.2291085720062
174,1750,2.482243871781975e-06,100.0,1.0000025033950806,0.001,NaN,NaN,NaN,transformer,embedding,2,345.2068991959095
175,1760,2.255356548630516e-06,100.0,1.0000022649765015,0.001,3.355161666870117,47.71519470214844,28.650236129760742,transformer,embedding,2,345.1849064528942
176,1770,2.043661879724823e-06,100.0,1.0000020265579224,0.001,NaN,NaN,NaN,transformer,embedding,2,345.1642661243677
177,1780,1.8353376844970626e-06,100.0,1.0000017881393433,0.001,NaN,NaN,NaN,transformer,embedding,2,345.13990247249603
178,1790,1.6559158666495932e-06,100.0,1.0000016689300537,0.001,NaN,NaN,NaN,transformer,embedding,2,345.11587603390217
179,1800,1.504205556557281e-06,100.0,1.0000015497207642,0.001,NaN,NaN,NaN,transformer,embedding,2,345.0915096104145
180,1810,1.3733009609495639e-06,100.0,1.0000014305114746,0.001,3.4146227836608887,47.7577018737793,30.40547752380371,transformer,embedding,2,345.07117196917534
181,1820,0.0021414444781839848,99.95748138427734,1.0021437406539917,0.001,NaN,NaN,NaN,transformer,embedding,2,345.1257735490799
182,1830,0.05323183164000511,97.55526733398438,1.0546741485595703,0.001,NaN,NaN,NaN,transformer,embedding,2,345.6378945708275
183,1840,0.08199965208768845,95.5994873046875,1.0854554176330566,0.001,NaN,NaN,NaN,transformer,embedding,2,346.19854237139225
184,1850,0.08657968789339066,95.66326141357422,1.0904382467269897,0.001,NaN,NaN,NaN,transformer,embedding,2,346.68610106408596
185,1860,0.05800681933760643,96.72618865966797,1.0597221851348877,0.001,3.487783908843994,41.466522216796875,32.71337127685547,transformer,embedding,2,347.05382630228996
186,1870,0.03377096354961395,98.15050506591797,1.034347653388977,0.001,NaN,NaN,NaN,transformer,embedding,2,347.27417911589146
187,1880,0.022530673071742058,98.91581726074219,1.0227863788604736,0.001,NaN,NaN,NaN,transformer,embedding,2,347.4636508077383
188,1890,0.019085770472884178,99.19216918945312,1.0192691087722778,0.001,NaN,NaN,NaN,transformer,embedding,2,347.51498928666115
189,1900,0.008153576403856277,99.7448959350586,1.008186936378479,0.001,NaN,NaN,NaN,transformer,embedding,2,347.5233144313097
190,1910,0.0036104710306972265,99.95748138427734,1.0036170482635498,0.001,3.40684175491333,45.97237014770508,30.169809341430664,transformer,embedding,2,347.46316236257553
191,1920,0.001254376256838441,100.0,1.0012551546096802,0.001,NaN,NaN,NaN,transformer,embedding,2,347.3600494116545
192,1930,0.0006952848052605987,100.0,1.0006954669952393,0.001,NaN,NaN,NaN,transformer,embedding,2,347.2300867289305
193,1940,0.0003633209562394768,100.0,1.0003633499145508,0.001,NaN,NaN,NaN,transformer,embedding,2,347.08287447690964
194,1950,0.0002525054442230612,100.0,1.0002524852752686,0.001,NaN,NaN,NaN,transformer,embedding,2,346.924649477005
195,1960,0.0002047129237325862,100.0,1.0002046823501587,0.001,3.3733811378479004,47.07757568359375,29.177011489868164,transformer,embedding,2,346.76207903027534
196,1970,0.00017550411575939506,100.0,1.0001754760742188,0.001,NaN,NaN,NaN,transformer,embedding,2,346.5980334877968
197,1980,0.0001564709236845374,100.0,1.0001565217971802,0.001,NaN,NaN,NaN,transformer,embedding,2,346.4332696646452
198,1990,0.00014273573469836265,100.0,1.0001426935195923,0.001,NaN,NaN,NaN,transformer,embedding,2,346.2685772627592
199,2000,0.00013198525994084775,100.0,1.0001319646835327,0.001,NaN,NaN,NaN,transformer,embedding,2,346.10434326529503
200,2010,0.00012308396981097758,100.0,1.000123143196106,0.001,3.365666389465332,47.24760818481445,28.95278549194336,transformer,embedding,2,345.9403650164604
202,2030,0.00010789189400384203,100.0,1.0001078844070435,0.001,NaN,NaN,NaN,transformer,embedding,2,345.6139216721058
204,2050,9.53759954427369e-05,100.0,1.0000953674316406,0.001,NaN,NaN,NaN,transformer,embedding,2,345.2899623513222
205,2060,NaN,NaN,NaN,NaN,3.3568992614746094,47.3751335144043,28.700061798095703,transformer,embedding,2,345.1289551705122
206,2070,8.457306830678135e-05,100.0,1.0000845193862915,0.001,NaN,NaN,NaN,transformer,embedding,2,344.9688300937414
208,2090,7.511035073548555e-05,100.0,1.000075101852417,0.001,NaN,NaN,NaN,transformer,embedding,2,344.6501289755106
210,2110,6.676885823253542e-05,100.0,1.0000667572021484,0.001,3.3489675521850586,47.48139953613281,28.47332191467285,transformer,embedding,2,344.33454489707947
212,2130,5.9315749240340665e-05,100.0,1.0000593662261963,0.001,NaN,NaN,NaN,transformer,embedding,2,344.0228969156742
214,2150,5.255420182948001e-05,100.0,1.000052571296692,0.001,NaN,NaN,NaN,transformer,embedding,2,343.71468219161034
215,2160,NaN,NaN,NaN,NaN,3.343092679977417,47.58767318725586,28.306533813476562,transformer,embedding,2,343.56221564114094
216,2170,4.6592824219260365e-05,100.0,1.0000466108322144,0.001,NaN,NaN,NaN,transformer,embedding,2,343.41084137558937
218,2190,4.122140308027156e-05,100.0,1.0000412464141846,0.001,NaN,NaN,NaN,transformer,embedding,2,343.11119878292084
220,2210,3.648352867458016e-05,100.0,1.0000364780426025,0.001,3.33811092376709,47.651432037353516,28.165868759155273,transformer,embedding,2,342.8158750683069
222,2230,3.215013202861883e-05,100.0,1.0000321865081787,0.001,NaN,NaN,NaN,transformer,embedding,2,342.52514776587486
224,2250,2.8366894184728153e-05,100.0,1.000028371810913,0.001,NaN,NaN,NaN,transformer,embedding,2,342.24014231562614
225,2260,NaN,NaN,NaN,NaN,3.33583927154541,47.69394302368164,28.101959228515625,transformer,embedding,2,342.0994511693716
226,2270,2.4903114535845816e-05,100.0,1.0000249147415161,0.001,NaN,NaN,NaN,transformer,embedding,2,341.96005660295486
228,2290,2.183388096455019e-05,100.0,1.0000218152999878,0.001,NaN,NaN,NaN,transformer,embedding,2,341.6857141107321
230,2310,1.9131717635900714e-05,100.0,1.0000190734863281,0.001,3.336848735809326,47.75770568847656,28.130340576171875,transformer,embedding,2,341.41746577620506
232,2330,1.6728810805943795e-05,100.0,1.000016689300537,0.001,NaN,NaN,NaN,transformer,embedding,2,341.15571346879005
234,2350,1.4624802133766934e-05,100.0,1.0000146627426147,0.001,NaN,NaN,NaN,transformer,embedding,2,340.8993963301182
235,2360,NaN,NaN,NaN,NaN,3.3394999504089355,47.84272003173828,28.205018997192383,transformer,embedding,2,340.77378183603287
236,2370,1.27387247630395e-05,100.0,1.000012755393982,0.001,NaN,NaN,NaN,transformer,embedding,2,340.6502442806959
238,2390,1.1076194823544938e-05,100.0,1.0000110864639282,0.001,NaN,NaN,NaN,transformer,embedding,2,340.40709629654884
240,2410,9.63927959674038e-06,100.0,1.0000096559524536,0.001,3.347691059112549,47.9064826965332,28.43699836730957,transformer,embedding,2,340.17146714031696
242,2430,8.3481963883969e-06,100.0,1.0000083446502686,0.001,NaN,NaN,NaN,transformer,embedding,2,339.94378501176834
244,2450,7.221587566164089e-06,100.0,1.0000072717666626,0.001,NaN,NaN,NaN,transformer,embedding,2,339.72445556521416
245,2460,NaN,NaN,NaN,NaN,3.3594179153442383,47.94898986816406,28.772438049316406,transformer,embedding,2,339.61658051609993
246,2470,6.250510068639414e-06,100.0,1.0000061988830566,0.001,NaN,NaN,NaN,transformer,embedding,2,339.5104397535324
248,2490,5.3836224651604425e-06,100.0,1.0000053644180298,0.001,NaN,NaN,NaN,transformer,embedding,2,339.3059416860342
250,2510,4.646213710657321e-06,100.0,1.0000046491622925,0.001,3.3750386238098145,47.927734375,29.225412368774414,transformer,embedding,2,339.1107630431652
252,2530,3.981129339081235e-06,100.0,1.0000039339065552,0.001,NaN,NaN,NaN,transformer,embedding,2,338.921795129776
254,2550,3.417830157559365e-06,100.0,1.000003457069397,0.001,NaN,NaN,NaN,transformer,embedding,2,338.74122132360935
255,2560,NaN,NaN,NaN,NaN,3.3990044593811035,47.927734375,29.934284210205078,transformer,embedding,2,338.65300346910954
256,2570,2.924131422332721e-06,100.0,1.0000029802322388,0.001,NaN,NaN,NaN,transformer,embedding,2,338.5682532787323
258,2590,2.4913790639402578e-06,100.0,1.0000025033950806,0.001,NaN,NaN,NaN,transformer,embedding,2,338.40207946300507
260,2610,2.1253770228213398e-06,100.0,1.000002145767212,0.001,3.423794984817505,47.94898986816406,30.685646057128906,transformer,embedding,2,338.246074706316
262,2630,1.8069544012178085e-06,100.0,1.0000017881393433,0.001,NaN,NaN,NaN,transformer,embedding,2,338.0967931896448
264,2650,1.5366305206043762e-06,100.0,1.0000015497207642,0.001,NaN,NaN,NaN,transformer,embedding,2,337.9561101645231
265,2660,NaN,NaN,NaN,NaN,3.4555931091308594,47.88522720336914,31.67707061767578,transformer,embedding,2,337.88849149644375
266,2670,1.2982250154891517e-06,100.0,1.000001311302185,0.001,NaN,NaN,NaN,transformer,embedding,2,337.8220904767513
268,2690,1.0965654837491456e-06,100.0,1.000001072883606,0.001,NaN,NaN,NaN,transformer,embedding,2,337.6955782622099
270,2710,9.219584171660244e-07,100.0,1.0000009536743164,0.001,3.4927353858947754,47.88522720336914,32.87575149536133,transformer,embedding,2,337.5738963037729
272,2730,7.789275855429878e-07,100.0,1.0000008344650269,0.001,NaN,NaN,NaN,transformer,embedding,2,337.4598254263401
274,2750,6.549287263624137e-07,100.0,1.0000005960464478,0.001,NaN,NaN,NaN,transformer,embedding,2,337.35036197304726
275,2760,NaN,NaN,NaN,NaN,3.5331289768218994,47.863975524902344,34.23090744018555,transformer,embedding,2,337.29709300398827
276,2770,5.44627255294472e-07,100.0,1.0000005960464478,0.001,NaN,NaN,NaN,transformer,embedding,2,337.2444516867399
278,2790,4.581853261242941e-07,100.0,1.0000004768371582,0.001,NaN,NaN,NaN,transformer,embedding,2,337.1416822820902
280,2810,3.817788751803164e-07,100.0,1.0000003576278687,0.001,3.5739352703094482,47.863975524902344,35.65663528442383,transformer,embedding,2,337.03907895088196
282,2830,3.173718994275987e-07,100.0,1.0000003576278687,0.001,NaN,NaN,NaN,transformer,embedding,2,336.9359883069992
284,2850,2.6539521513768705e-07,100.0,1.000000238418579,0.001,NaN,NaN,NaN,transformer,embedding,2,336.83308796584606
285,2860,NaN,NaN,NaN,NaN,3.6203153133392334,47.863975524902344,37.349342346191406,transformer,embedding,2,336.7803785353899
286,2870,2.2306123526050214e-07,100.0,1.000000238418579,0.001,NaN,NaN,NaN,transformer,embedding,2,336.7297774106264
288,2890,1.8888741237788054e-07,100.0,1.000000238418579,0.001,NaN,NaN,NaN,transformer,embedding,2,336.6222704201937
290,2910,1.572097687585483e-07,100.0,1.0000001192092896,0.001,3.655275583267212,47.84272003173828,38.67817687988281,transformer,embedding,2,336.51024816930294
292,2930,1.3274195964640967e-07,100.0,1.0000001192092896,0.001,NaN,NaN,NaN,transformer,embedding,2,336.3899523615837
294,2950,1.112138434677945e-07,100.0,1.0000001192092896,0.001,NaN,NaN,NaN,transformer,embedding,2,336.2609793841839
295,2960,NaN,NaN,NaN,NaN,3.6886279582977295,47.863975524902344,39.98994064331055,transformer,embedding,2,336.19309452176094
296,2970,9.532433864478662e-08,100.0,1.0000001192092896,0.001,NaN,NaN,NaN,transformer,embedding,2,336.1243447959423
298,2990,8.103139492732225e-08,100.0,1.0000001192092896,0.001,NaN,NaN,NaN,transformer,embedding,2,335.97869420051575
300,3010,6.895587745248122e-08,100.0,1.0000001192092896,0.001,3.70792293548584,47.88522720336914,40.769039154052734,transformer,embedding,2,335.8227823972702
303,3040,5.585400941754415e-08,100.0,1.0,0.001,NaN,NaN,NaN,transformer,embedding,2,335.57137778401375
305,3060,NaN,NaN,NaN,NaN,3.7174289226531982,47.927734375,41.1584358215332,transformer,embedding,2,335.3956343829632
306,3070,4.589455926407027e-08,100.0,1.0,0.001,NaN,NaN,NaN,transformer,embedding,2,335.30310870707035
309,3100,3.93943082599435e-08,100.0,1.0,0.001,NaN,NaN,NaN,transformer,embedding,2,335.0150168389082
311,3120,NaN,NaN,NaN,NaN,3.7169251441955566,47.927734375,41.1377067565918,transformer,embedding,2,334.8176724910736
312,3130,3.4718688368684525e-08,100.0,1.0,0.001,NaN,NaN,NaN,transformer,embedding,2,334.7182212918997
315,3160,3.151291139147361e-08,100.0,1.0,0.001,NaN,NaN,NaN,transformer,embedding,2,334.41255889832973
317,3180,NaN,NaN,NaN,NaN,3.703711986541748,47.94898986816406,40.59772491455078,transformer,embedding,2,334.20089453458786
318,3190,2.916876695735482e-08,100.0,1.0,0.001,NaN,NaN,NaN,transformer,embedding,2,334.09634502232075
321,3220,2.690064881960552e-08,100.0,1.0,0.001,NaN,NaN,NaN,transformer,embedding,2,333.78147530555725
323,3240,NaN,NaN,NaN,NaN,3.6888718605041504,47.9064826965332,39.99969482421875,transformer,embedding,2,333.56883458793163
324,3250,2.5760252597706312e-08,100.0,1.0,0.001,NaN,NaN,NaN,transformer,embedding,2,333.459856942296
327,3280,2.4759239991567483e-08,100.0,1.0,0.001,NaN,NaN,NaN,transformer,embedding,2,333.13601110875607
329,3300,NaN,NaN,NaN,NaN,3.672485589981079,47.9064826965332,39.34959030151367,transformer,embedding,2,332.9234940111637
330,3310,2.413835886727611e-08,100.0,1.0,0.001,NaN,NaN,NaN,transformer,embedding,2,332.81544379889965
333,3340,2.3124673731445e-08,100.0,1.0,0.001,NaN,NaN,NaN,transformer,embedding,2,332.48315735161304
335,3360,NaN,NaN,NaN,NaN,3.8664586544036865,40.658870697021484,47.77290725708008,transformer,embedding,2,333.1378049701452
336,3370,0.10190128535032272,94.81292724609375,1.1072741746902466,0.001,NaN,NaN,NaN,transformer,embedding,2,333.90746353566647
339,3400,0.038284629583358765,97.8741455078125,1.0390269756317139,0.001,NaN,NaN,NaN,transformer,embedding,2,335.23252303898335
341,3420,NaN,NaN,NaN,NaN,3.716202735900879,45.0797004699707,41.10799789428711,transformer,embedding,2,335.43339724838734
342,3430,0.00600583478808403,99.80867004394531,1.00602388381958,0.001,NaN,NaN,NaN,transformer,embedding,2,335.4236200004816
345,3460,0.001920797978527844,99.89370727539062,1.001922607421875,0.001,NaN,NaN,NaN,transformer,embedding,2,335.15360975265503
347,3480,NaN,NaN,NaN,NaN,3.7030317783355713,47.05632019042969,40.57011795043945,transformer,embedding,2,334.873307287693
348,3490,0.0001648647739784792,100.0,1.0001648664474487,0.001,NaN,NaN,NaN,transformer,embedding,2,334.7169601917267
351,3520,7.923212251625955e-05,100.0,1.0000792741775513,0.001,NaN,NaN,NaN,transformer,embedding,2,334.23435524106026
353,3540,NaN,NaN,NaN,NaN,3.6842408180236816,47.52391052246094,39.814884185791016,transformer,embedding,2,333.9102551192045
354,3550,5.8940804592566565e-05,100.0,1.000058889389038,0.001,NaN,NaN,NaN,transformer,embedding,2,333.74838572740555
357,3580,4.746488411910832e-05,100.0,1.0000474452972412,0.001,NaN,NaN,NaN,transformer,embedding,2,333.26457566022873
360,3610,3.90666609746404e-05,100.0,1.0000391006469727,0.001,3.6690514087677,47.608924865722656,39.214691162109375,transformer,embedding,2,332.78434082865715
363,3640,3.2391031709266827e-05,100.0,1.0000324249267578,0.001,NaN,NaN,NaN,transformer,embedding,2,332.30750623345375
366,3670,2.687714913918171e-05,100.0,1.000026822090149,0.001,NaN,NaN,NaN,transformer,embedding,2,331.8349708020687
367,3680,NaN,NaN,NaN,NaN,3.6540746688842773,47.7364501953125,38.63175582885742,transformer,embedding,2,331.67849695682526
369,3700,2.2270154659054242e-05,100.0,1.000022292137146,0.001,NaN,NaN,NaN,transformer,embedding,2,331.3670777529478
372,3730,1.836840237956494e-05,100.0,1.0000183582305908,0.001,NaN,NaN,NaN,transformer,embedding,2,330.9042420834303
374,3750,NaN,NaN,NaN,NaN,3.6389782428741455,47.84272003173828,38.05293655395508,transformer,embedding,2,330.5989808142185
375,3760,1.5131499822018668e-05,100.0,1.000015139579773,0.001,NaN,NaN,NaN,transformer,embedding,2,330.44759295880795
378,3790,1.2405035704432521e-05,100.0,1.0000123977661133,0.001,NaN,NaN,NaN,transformer,embedding,2,329.99655854701996
381,3820,1.0168190783588216e-05,100.0,1.0000101327896118,0.001,3.6258480548858643,47.88522720336914,37.55656051635742,transformer,embedding,2,329.5512742549181
384,3850,8.320964298036415e-06,100.0,1.0000083446502686,0.001,NaN,NaN,NaN,transformer,embedding,2,329.11234052479267
387,3880,6.797647074563429e-06,100.0,1.0000067949295044,0.001,NaN,NaN,NaN,transformer,embedding,2,328.68124045431614
388,3890,NaN,NaN,NaN,NaN,3.6150572299957275,47.84272003173828,37.153472900390625,transformer,embedding,2,328.53958186507225
390,3910,5.533260718948441e-06,100.0,1.0000054836273193,0.001,NaN,NaN,NaN,transformer,embedding,2,328.2591031342745
393,3940,4.495672783377813e-06,100.0,1.000004529953003,0.001,NaN,NaN,NaN,transformer,embedding,2,327.8441854864359
395,3960,NaN,NaN,NaN,NaN,3.60709285736084,47.927734375,36.858741760253906,transformer,embedding,2,327.5728960484266
396,3970,3.639324404502986e-06,100.0,1.000003695487976,0.001,NaN,NaN,NaN,transformer,embedding,2,327.43863275647163
399,4000,2.9458706194418482e-06,100.0,1.0000029802322388,0.001,NaN,NaN,NaN,transformer,embedding,2,327.0438911318779
402,4030,2.371635900999536e-06,100.0,1.000002384185791,0.001,3.6044890880584717,47.94898986816406,36.76289749145508,transformer,embedding,2,326.6592713743448
406,4070,1.773210442479467e-06,100.0,1.0000017881393433,0.001,NaN,NaN,NaN,transformer,embedding,2,326.1636887341738
410,4110,1.3194866141930106e-06,100.0,1.000001311302185,0.001,3.6053473949432373,47.99149703979492,36.794464111328125,transformer,embedding,2,325.68819968402386
414,4150,9.78572529675148e-07,100.0,1.0000009536743164,0.001,NaN,NaN,NaN,transformer,embedding,2,325.234109506011
418,4190,7.224273872452613e-07,100.0,1.0000007152557373,0.001,3.61495304107666,47.99149703979492,37.149600982666016,transformer,embedding,2,324.80278834700584
422,4230,5.307270498633443e-07,100.0,1.0000004768371582,0.001,NaN,NaN,NaN,transformer,embedding,2,324.39502280950546
426,4270,3.892294557772402e-07,100.0,1.0000003576278687,0.001,3.627133369445801,47.99149703979492,37.604862213134766,transformer,embedding,2,324.01067292690277
430,4310,2.8471859536693955e-07,100.0,1.000000238418579,0.001,NaN,NaN,NaN,transformer,embedding,2,323.6464545428753
434,4350,2.0809672207633412e-07,100.0,1.000000238418579,0.001,3.649200677871704,47.97024154663086,38.44392395019531,transformer,embedding,2,323.30274003744125
438,4390,1.5055746871439624e-07,100.0,1.0000001192092896,0.001,NaN,NaN,NaN,transformer,embedding,2,322.9685503542423
442,4430,1.1066898508715894e-07,100.0,1.0000001192092896,0.001,3.6711201667785645,47.97024154663086,39.2958984375,transformer,embedding,2,322.6306926906109
446,4470,8.105673288127946e-08,100.0,1.0000001192092896,0.001,NaN,NaN,NaN,transformer,embedding,2,322.2885468453169
450,4510,5.997210195118896e-08,100.0,1.0000001192092896,0.001,3.6791093349456787,48.012752532958984,39.61109924316406,transformer,embedding,2,321.93646486103535
454,4550,4.603393932711697e-08,100.0,1.0,0.001,NaN,NaN,NaN,transformer,embedding,2,321.56631533801556
458,4590,3.64419499021551e-08,100.0,1.0,0.001,3.670250177383423,48.055259704589844,39.26172637939453,transformer,embedding,2,321.1778594106436
462,4630,3.098072554053033e-08,100.0,1.0,0.001,NaN,NaN,NaN,transformer,embedding,2,320.77860629558563
466,4670,2.829446543728409e-08,100.0,1.0,0.001,NaN,NaN,NaN,transformer,embedding,2,320.3778400719166
467,4680,NaN,NaN,NaN,NaN,3.6343321800231934,48.055259704589844,37.876548767089844,transformer,embedding,2,320.276997461915
470,4710,2.560820000496733e-08,100.0,1.0,0.001,NaN,NaN,NaN,transformer,embedding,2,319.9758137613535
474,4750,2.3910279978167637e-08,100.0,1.0,0.001,NaN,NaN,NaN,transformer,embedding,2,319.57859648764133
476,4770,NaN,NaN,NaN,NaN,3.5912528038024902,48.03400421142578,36.27949905395508,transformer,embedding,2,319.38147634267807
478,4790,2.3783568892099538e-08,100.0,1.0,0.001,NaN,NaN,NaN,transformer,embedding,2,319.1817327141762
482,4830,0.09746821224689484,94.7704086303711,1.1023763418197632,0.001,NaN,NaN,NaN,transformer,embedding,2,321.2324793487787
485,4860,NaN,NaN,NaN,NaN,3.6758804321289062,44.56960678100586,39.483402252197266,transformer,embedding,2,322.6505840867758
486,4870,0.021984949707984924,98.85203552246094,1.0222283601760864,0.001,NaN,NaN,NaN,transformer,embedding,2,322.87292517721653
490,4910,0.001759887090884149,99.97874450683594,1.0017614364624023,0.001,NaN,NaN,NaN,transformer,embedding,2,322.96287474036217
494,4950,0.00012413454533088952,100.0,1.0001240968704224,0.001,3.6459004878997803,47.693939208984375,38.3172607421875,transformer,embedding,2,322.4286092668772
498,4990,5.6684315495658666e-05,100.0,1.0000567436218262,0.001,NaN,NaN,NaN,transformer,embedding,2,321.8114546984434
502,5030,4.247736796969548e-05,100.0,1.00004243850708,0.001,NaN,NaN,NaN,transformer,embedding,2,321.18952172994614
503,5040,NaN,NaN,NaN,NaN,3.6253018379211426,47.82146453857422,37.53605270385742,transformer,embedding,2,321.03489151597023
507,5080,3.1432904506800696e-05,100.0,1.0000314712524414,0.001,NaN,NaN,NaN,transformer,embedding,2,320.42036850750446
512,5130,2.336704528715927e-05,100.0,1.000023365020752,0.001,NaN,NaN,NaN,transformer,embedding,2,319.6612628698349
513,5140,NaN,NaN,NaN,NaN,3.60294246673584,47.82146453857422,36.70608139038086,transformer,embedding,2,319.5110445022583
517,5180,1.7297259546467103e-05,100.0,1.0000172853469849,0.001,NaN,NaN,NaN,transformer,embedding,2,318.9150594174862
522,5230,1.2662398148677312e-05,100.0,1.0000126361846924,0.001,NaN,NaN,NaN,transformer,embedding,2,318.1842186450958
523,5240,NaN,NaN,NaN,NaN,3.5825138092041016,47.863975524902344,35.96383285522461,transformer,embedding,2,318.03973802924156
527,5280,9.147319360636175e-06,100.0,1.0000091791152954,0.001,NaN,NaN,NaN,transformer,embedding,2,317.4701658040285
532,5330,6.552782451763051e-06,100.0,1.0000065565109253,0.001,NaN,NaN,NaN,transformer,embedding,2,316.7751862555742
533,5340,NaN,NaN,NaN,NaN,3.563783645629883,47.927734375,35.29649353027344,transformer,embedding,2,316.6390503793955
537,5380,4.6410686991293915e-06,100.0,1.0000046491622925,0.001,NaN,NaN,NaN,transformer,embedding,2,316.1043069809675
542,5430,3.253646582379588e-06,100.0,1.0000032186508179,0.001,NaN,NaN,NaN,transformer,embedding,2,315.45657989382744
543,5440,NaN,NaN,NaN,NaN,3.5515103340148926,47.99149703979492,34.865936279296875,transformer,embedding,2,315.33057333528996
547,5480,2.2691654066875344e-06,100.0,1.0000022649765015,0.001,NaN,NaN,NaN,transformer,embedding,2,314.8360422849655
552,5530,1.5729450524304411e-06,100.0,1.0000015497207642,0.001,NaN,NaN,NaN,transformer,embedding,2,314.2440794557333
553,5540,NaN,NaN,NaN,NaN,3.547189474105835,48.03400802612305,34.71561050415039,transformer,embedding,2,314.12939408421516
557,5580,1.0862762565011508e-06,100.0,1.000001072883606,0.001,NaN,NaN,NaN,transformer,embedding,2,313.6835813075304
562,5630,7.458941126969876e-07,100.0,1.0000007152557373,0.001,NaN,NaN,NaN,transformer,embedding,2,313.155507594347
564,5650,NaN,NaN,NaN,NaN,3.555959463119507,47.970245361328125,35.02140426635742,transformer,embedding,2,312.9537506252527
567,5680,5.087808290227258e-07,100.0,1.0000004768371582,0.001,NaN,NaN,NaN,transformer,embedding,2,312.6636143922806
572,5730,3.459324489085702e-07,100.0,1.0000003576278687,0.001,NaN,NaN,NaN,transformer,embedding,2,312.20812395215034
575,5760,NaN,NaN,NaN,NaN,3.575286626815796,47.970245361328125,35.70485305786133,transformer,embedding,2,311.9479978531599
577,5780,2.3323609354974906e-07,100.0,1.000000238418579,0.001,NaN,NaN,NaN,transformer,embedding,2,311.7805512547493
582,5830,1.556132076530048e-07,100.0,1.0000001192092896,0.001,NaN,NaN,NaN,transformer,embedding,2,311.37441693246365
586,5870,NaN,NaN,NaN,NaN,3.6016576290130615,48.012752532958984,36.65895080566406,transformer,embedding,2,311.05397921800613
587,5880,1.0520776072553417e-07,100.0,1.0000001192092896,0.001,NaN,NaN,NaN,transformer,embedding,2,310.97398038208485
592,5930,7.089454356901115e-08,100.0,1.0000001192092896,0.001,NaN,NaN,NaN,transformer,embedding,2,310.5635657608509
597,5980,4.98732681819547e-08,100.0,1.0,0.001,3.6073203086853027,48.012752532958984,36.86712646484375,transformer,embedding,2,310.13437539339066
602,6030,3.806384540894214e-08,100.0,1.0,0.001,NaN,NaN,NaN,transformer,embedding,2,309.67919413745403
608,6090,3.011909655015188e-08,100.0,1.0,0.001,3.57255220413208,48.055259704589844,35.60735321044922,transformer,embedding,2,309.12280851602554
614,6150,2.690064881960552e-08,100.0,1.0,0.001,NaN,NaN,NaN,transformer,embedding,2,308.5738713145256
620,6210,2.432842372002142e-08,100.0,1.0,0.001,3.5146865844726562,48.03400421142578,33.60539245605469,transformer,embedding,2,308.03475484251976
626,6270,2.3238714064177657e-08,100.0,1.0,0.001,NaN,NaN,NaN,transformer,embedding,2,307.5035036802292
632,6330,2.2161673385312497e-08,100.0,1.0,0.001,3.467498302459717,48.0977668762207,32.05644607543945,transformer,embedding,2,306.97768527269363
638,6390,2.204763482893668e-08,100.0,1.0,0.001,NaN,NaN,NaN,transformer,embedding,2,306.4559228718281
644,6450,2.245310781745502e-08,100.0,1.0,0.001,3.418527126312256,48.012752532958984,30.524423599243164,transformer,embedding,2,305.9367087483406
650,6510,2.2136331878641613e-08,100.0,1.0,0.001,NaN,NaN,NaN,transformer,embedding,2,305.42608062922955
656,6570,2.1857568199834532e-08,100.0,1.0,0.001,3.3691294193267822,48.076515197753906,29.05322265625,transformer,embedding,2,304.92598743736744
662,6630,2.170551560709555e-08,100.0,1.0,0.001,NaN,NaN,NaN,transformer,embedding,2,304.4357887804508
668,6690,2.204763482893668e-08,100.0,1.0,0.001,NaN,NaN,NaN,transformer,embedding,2,303.96495231986046
669,6700,NaN,NaN,NaN,NaN,3.3358681201934814,48.0977668762207,28.10276985168457,transformer,embedding,2,303.88980996608734
674,6750,2.320070002781449e-08,100.0,1.0,0.001,NaN,NaN,NaN,transformer,embedding,2,303.512543797493
680,6810,0.04604305699467659,97.85289001464844,1.0471194982528687,0.001,NaN,NaN,NaN,transformer,embedding,2,304.0028054565191
682,6830,NaN,NaN,NaN,NaN,3.4606597423553467,44.187034606933594,31.837974548339844,transformer,embedding,2,306.081405505538
686,6870,0.030527276918292046,98.40560913085938,1.0309979915618896,0.001,NaN,NaN,NaN,transformer,embedding,2,307.8297900110483
692,6930,0.0048647429794073105,99.80867004394531,1.0048766136169434,0.001,NaN,NaN,NaN,transformer,embedding,2,308.12398083508015
695,6960,NaN,NaN,NaN,NaN,3.551745653152466,47.417640686035156,34.874141693115234,transformer,embedding,2,307.9259870648384
698,6990,9.769789903657511e-05,100.0,1.0000977516174316,0.001,NaN,NaN,NaN,transformer,embedding,2,307.53203642368317
704,7050,3.360128539497964e-05,100.0,1.0000336170196533,0.001,NaN,NaN,NaN,transformer,embedding,2,306.6441875696182
708,7090,NaN,NaN,NaN,NaN,3.511368989944458,47.7577018737793,33.49409103393555,transformer,embedding,2,306.0519056022167
711,7120,2.1733229004894383e-05,100.0,1.0000216960906982,0.001,NaN,NaN,NaN,transformer,embedding,2,305.6117361038923
718,7190,1.4251550055632833e-05,100.0,1.000014305114746,0.001,NaN,NaN,NaN,transformer,embedding,2,304.60024170577526
722,7230,NaN,NaN,NaN,NaN,3.489731550216675,47.82146453857422,32.77714920043945,transformer,embedding,2,304.0329139530659
725,7260,9.27057317312574e-06,100.0,1.000009298324585,0.001,NaN,NaN,NaN,transformer,embedding,2,303.6135955452919
732,7330,5.888261057407362e-06,100.0,1.000005841255188,0.001,NaN,NaN,NaN,transformer,embedding,2,302.6580019444227
736,7370,NaN,NaN,NaN,NaN,3.4630885124206543,47.84272003173828,31.915395736694336,transformer,embedding,2,302.1280669569969
739,7400,3.666968950710725e-06,100.0,1.000003695487976,0.001,NaN,NaN,NaN,transformer,embedding,2,301.73932848870754
746,7470,2.243569042548188e-06,100.0,1.0000022649765015,0.001,NaN,NaN,NaN,transformer,embedding,2,300.8648683577776
750,7510,NaN,NaN,NaN,NaN,3.4446396827697754,47.9064826965332,31.33199119567871,transformer,embedding,2,300.3859526067972
753,7540,1.3516327044271748e-06,100.0,1.000001311302185,0.001,NaN,NaN,NaN,transformer,embedding,2,300.03897419571877
760,7610,7.983649084053468e-07,100.0,1.0000008344650269,0.001,NaN,NaN,NaN,transformer,embedding,2,299.26908768713474
764,7650,NaN,NaN,NaN,NaN,3.443843126296997,48.03400421142578,31.307044982910156,transformer,embedding,2,298.8565495312214
767,7680,4.656865542074229e-07,100.0,1.0000004768371582,0.001,NaN,NaN,NaN,transformer,embedding,2,298.5593650788069
774,7750,2.677393808880879e-07,100.0,1.000000238418579,0.001,NaN,NaN,NaN,transformer,embedding,2,297.90652941167355
779,7800,NaN,NaN,NaN,NaN,3.4572699069976807,48.012752532958984,31.73023223876953,transformer,embedding,2,297.47046676278114
781,7820,1.5324371815950144e-07,100.0,1.0000001192092896,0.001,NaN,NaN,NaN,transformer,embedding,2,297.301656126976
788,7890,8.909017878977465e-08,100.0,1.0000001192092896,0.001,NaN,NaN,NaN,transformer,embedding,2,296.7164545506239
794,7950,NaN,NaN,NaN,NaN,3.45357346534729,47.99149703979492,31.6131591796875,transformer,embedding,2,296.226406827569
795,7960,5.527113700054542e-08,100.0,1.0,0.001,NaN,NaN,NaN,transformer,embedding,2,296.14515240490437
802,8030,4.0699426051560295e-08,100.0,1.0,0.001,NaN,NaN,NaN,transformer,embedding,2,295.6114581376314
809,8100,NaN,NaN,NaN,NaN,3.452043056488037,43.528160095214844,31.564815521240234,transformer,embedding,2,298.58588321506977
810,8110,0.038357142359018326,97.59778594970703,1.03910231590271,0.001,NaN,NaN,NaN,transformer,embedding,2,299.3627824038267
818,8190,0.0027791087049990892,99.93622589111328,1.002782940864563,0.001,NaN,NaN,NaN,transformer,embedding,2,300.03544045984745
825,8260,NaN,NaN,NaN,NaN,3.4276795387268066,47.84272003173828,30.805078506469727,transformer,embedding,2,299.30201402306557
826,8270,4.622972846846096e-05,100.0,1.0000462532043457,0.001,NaN,NaN,NaN,transformer,embedding,2,299.1583309471607
834,8350,2.4410139303654432e-05,100.0,1.000024437904358,0.001,NaN,NaN,NaN,transformer,embedding,2,298.01310393214226
841,8420,NaN,NaN,NaN,NaN,3.3814873695373535,47.94898986816406,29.41448974609375,transformer,embedding,2,297.03193470835686
842,8430,1.5469806385226548e-05,100.0,1.0000154972076416,0.001,NaN,NaN,NaN,transformer,embedding,2,296.8938177973032
850,8510,9.473654245084617e-06,100.0,1.0000094175338745,0.001,NaN,NaN,NaN,transformer,embedding,2,295.81432972848415
857,8580,NaN,NaN,NaN,NaN,3.352185010910034,47.927734375,28.565080642700195,transformer,embedding,2,294.9079883694649
858,8590,5.59601448912872e-06,100.0,1.0000056028366089,0.001,NaN,NaN,NaN,transformer,embedding,2,294.78194189071655
866,8670,3.2090572403831175e-06,100.0,1.0000032186508179,0.001,NaN,NaN,NaN,transformer,embedding,2,293.8084388971329
874,8750,1.800528707462945e-06,100.0,1.0000017881393433,0.001,3.3443946838378906,47.94898986816406,28.343414306640625,transformer,embedding,2,292.9018042832613
882,8830,1.0001639338952373e-06,100.0,1.0000009536743164,0.001,NaN,NaN,NaN,transformer,embedding,2,292.07135815918446
890,8910,5.429166094472748e-07,100.0,1.0000005960464478,0.001,NaN,NaN,NaN,transformer,embedding,2,291.32801680266857
891,8920,NaN,NaN,NaN,NaN,3.3626885414123535,47.927734375,28.866695404052734,transformer,embedding,2,291.2410562187433
898,8990,2.90306502392923e-07,100.0,1.000000238418579,0.001,NaN,NaN,NaN,transformer,embedding,2,290.6724468022585
906,9070,1.5262284591699427e-07,100.0,1.0000001192092896,0.001,NaN,NaN,NaN,transformer,embedding,2,290.0827106833458
908,9090,NaN,NaN,NaN,NaN,3.3985466957092285,47.99149703979492,29.92058563232422,transformer,embedding,2,289.9398168474436
915,9160,7.658385214881491e-08,100.0,1.0000001192092896,0.001,NaN,NaN,NaN,transformer,embedding,2,289.4472631365061
924,9250,4.6604135661709734e-08,100.0,1.0,0.001,NaN,NaN,NaN,transformer,embedding,2,288.84003388881683
926,9270,NaN,NaN,NaN,NaN,3.3726401329040527,47.99149703979492,29.155399322509766,transformer,embedding,2,288.7176108211279
933,9340,3.577038398816512e-08,100.0,1.0,0.001,NaN,NaN,NaN,transformer,embedding,2,288.34188571572304
942,9430,3.274200466307775e-08,100.0,1.0,0.001,NaN,NaN,NaN,transformer,embedding,2,288.0171457529068
944,9450,NaN,NaN,NaN,NaN,3.479344606399536,41.48777770996094,32.438453674316406,transformer,embedding,2,289.56349186599255
951,9520,0.004345588851720095,99.87245178222656,1.0043550729751587,0.001,NaN,NaN,NaN,transformer,embedding,2,293.03206765651703
960,9610,0.0033094878308475018,99.8299331665039,1.0033149719238281,0.001,NaN,NaN,NaN,transformer,embedding,2,293.6529051810503
962,9630,NaN,NaN,NaN,NaN,3.4391021728515625,46.3974494934082,31.15896987915039,transformer,embedding,2,293.76671271026134
969,9700,0.01252303272485733,99.38349914550781,1.0126017332077026,0.001,NaN,NaN,NaN,transformer,embedding,2,295.93199947476387
978,9790,0.02524673007428646,98.68196868896484,1.0255681276321411,0.001,NaN,NaN,NaN,transformer,embedding,2,297.1683309227228
981,9820,NaN,NaN,NaN,NaN,3.439542770385742,46.418701171875,31.17270278930664,transformer,embedding,2,298.00305120646954
987,9880,0.0072980537079274654,99.68112182617188,1.0073246955871582,0.001,NaN,NaN,NaN,transformer,embedding,2,298.9163273870945
996,9970,0.0018040233990177512,99.93622589111328,1.0018056631088257,0.001,NaN,NaN,NaN,transformer,embedding,2,298.66165839135647
1000,10010,NaN,NaN,NaN,NaN,3.430546998977661,45.78108215332031,30.893537521362305,transformer,embedding,2,299.3302323371172
1005,10060,0.02847827970981598,98.34183502197266,1.0288876295089722,0.001,NaN,NaN,NaN,transformer,embedding,2,301.31479416787624
1015,10160,8.134614472510293e-05,100.0,1.0000813007354736,0.001,NaN,NaN,NaN,transformer,embedding,2,300.9035210311413
1019,10200,NaN,NaN,NaN,NaN,3.302096128463745,47.84272003173828,27.169530868530273,transformer,embedding,2,300.3257348239422
1025,10260,3.74681840185076e-05,100.0,1.000037431716919,0.001,NaN,NaN,NaN,transformer,embedding,2,299.4672796726227
1035,10360,1.976543353521265e-05,100.0,1.0000197887420654,0.001,NaN,NaN,NaN,transformer,embedding,2,298.07258696854115
1039,10400,NaN,NaN,NaN,NaN,3.246953010559082,47.970245361328125,25.711875915527344,transformer,embedding,2,297.5312265455723
1045,10460,1.013173005048884e-05,100.0,1.0000101327896118,0.001,NaN,NaN,NaN,transformer,embedding,2,296.74221281707287
1055,10560,4.979799996362999e-06,100.0,1.0000050067901611,0.001,NaN,NaN,NaN,transformer,embedding,2,295.4907889813185
1059,10600,NaN,NaN,NaN,NaN,3.2221062183380127,48.012752532958984,25.080890655517578,transformer,embedding,2,295.01669335365295
1065,10660,2.3452669211110333e-06,100.0,1.000002384185791,0.001,NaN,NaN,NaN,transformer,embedding,2,294.3363663703203
1075,10760,1.0671683412510902e-06,100.0,1.000001072883606,0.001,NaN,NaN,NaN,transformer,embedding,2,293.29139083623886
1080,10810,NaN,NaN,NaN,NaN,3.2361512184143066,48.119022369384766,25.435636520385742,transformer,embedding,2,292.8096456974745
1085,10860,4.7133784164543613e-07,100.0,1.0000004768371582,0.001,NaN,NaN,NaN,transformer,embedding,2,292.3567763566971
1095,10960,2.026608427740939e-07,100.0,1.000000238418579,0.001,NaN,NaN,NaN,transformer,embedding,2,291.52135986089706
1101,11020,NaN,NaN,NaN,NaN,3.277254819869995,48.14027404785156,26.502918243408203,transformer,embedding,2,291.0416195690632
1105,11060,8.886210167702302e-08,100.0,1.0000001192092896,0.001,NaN,NaN,NaN,transformer,embedding,2,290.7238876968622
1116,11170,4.699694144960631e-08,100.0,1.0,0.001,NaN,NaN,NaN,transformer,embedding,2,289.86940893530846
1123,11240,NaN,NaN,NaN,NaN,3.2126004695892334,48.14027404785156,24.84360694885254,transformer,embedding,2,289.39770045876503
1127,11280,0.035910069942474365,98.06547546386719,1.0365626811981201,0.001,NaN,NaN,NaN,transformer,embedding,2,290.63387157022953
1138,11390,0.0005044038407504559,99.95748138427734,1.000504493713379,0.001,NaN,NaN,NaN,transformer,embedding,2,293.8366979509592
1145,11460,NaN,NaN,NaN,NaN,3.205819845199585,48.246543884277344,24.675722122192383,transformer,embedding,2,292.9069944769144
1149,11500,2.953465809696354e-05,100.0,1.0000295639038086,0.001,NaN,NaN,NaN,transformer,embedding,2,292.34412705898285
1160,11610,1.4797598851146176e-05,100.0,1.0000147819519043,0.001,NaN,NaN,NaN,transformer,embedding,2,290.8273196220398
1167,11680,NaN,NaN,NaN,NaN,3.156424045562744,48.204036712646484,23.486459732055664,transformer,embedding,2,289.8932345509529
1171,11720,7.263634415721754e-06,100.0,1.0000072717666626,0.001,NaN,NaN,NaN,transformer,embedding,2,289.3740880340338
1182,11830,3.4026418234134326e-06,100.0,1.000003457069397,0.001,NaN,NaN,NaN,transformer,embedding,2,288.0101686269045
1190,11910,NaN,NaN,NaN,NaN,3.1256582736968994,48.0977668762207,22.77488136291504,transformer,embedding,2,287.08523739874363
1193,11940,1.539277718620724e-06,100.0,1.0000015497207642,0.001,NaN,NaN,NaN,transformer,embedding,2,286.754328250885
1204,12050,6.689555220873444e-07,100.0,1.0000007152557373,0.001,NaN,NaN,NaN,transformer,embedding,2,285.6297248005867
1213,12140,NaN,NaN,NaN,NaN,3.1424031257629395,48.119022369384766,23.159454345703125,transformer,embedding,2,284.8146671652794
1216,12170,2.5852750695776194e-07,100.0,1.000000238418579,0.001,NaN,NaN,NaN,transformer,embedding,2,284.56154058873653
1228,12290,9.980989545965713e-08,100.0,1.0000001192092896,0.001,NaN,NaN,NaN,transformer,embedding,2,283.61595210433006
1237,12380,NaN,NaN,NaN,NaN,3.155001401901245,48.14027786254883,23.45306968688965,transformer,embedding,2,282.9534430205822
1240,12410,4.972121558921572e-08,100.0,1.0,0.001,NaN,NaN,NaN,transformer,embedding,2,282.75149634480476
1252,12530,3.697413575309838e-08,100.0,1.0,0.001,NaN,NaN,NaN,transformer,embedding,2,282.1392715573311
1261,12620,NaN,NaN,NaN,NaN,3.030874013900757,48.18278503417969,20.715330123901367,transformer,embedding,2,281.9111327677965
1264,12650,3.1550925427836773e-08,100.0,1.0,0.001,NaN,NaN,NaN,transformer,embedding,2,281.8744916319847
1276,12770,3.03725151695744e-08,100.0,1.0,0.001,NaN,NaN,NaN,transformer,embedding,2,281.9044042378664
1286,12870,NaN,NaN,NaN,NaN,2.9169921875,48.18278503417969,18.48560333251953,transformer,embedding,2,282.07549042999744
1288,12890,3.389506986195556e-08,100.0,1.0,0.001,NaN,NaN,NaN,transformer,embedding,2,282.1310593932867
1300,13010,3.4186502517741246e-08,100.0,1.0,0.001,NaN,NaN,NaN,transformer,embedding,2,282.5661736279726
1311,13120,NaN,NaN,NaN,NaN,2.8157734870910645,48.204036712646484,16.706092834472656,transformer,embedding,2,283.1272918879986
1313,13140,3.6201200259711186e-08,100.0,1.0,0.001,NaN,NaN,NaN,transformer,embedding,2,283.24535773694515
1326,13270,0.01764816977083683,99.19217681884766,1.0178048610687256,0.001,NaN,NaN,NaN,transformer,embedding,2,288.90245363116264
1337,13380,NaN,NaN,NaN,NaN,3.4192211627960205,48.076515197753906,30.545616149902344,transformer,embedding,2,289.21859177947044
1339,13400,3.046563324460294e-05,100.0,1.000030517578125,0.001,NaN,NaN,NaN,transformer,embedding,2,288.9363241493702
1352,13530,1.0656976883183233e-05,100.0,1.00001060962677,0.001,NaN,NaN,NaN,transformer,embedding,2,287.11106035113335
1363,13640,NaN,NaN,NaN,NaN,3.3791706562042236,48.119022369384766,29.34642219543457,transformer,embedding,2,285.6019139289856
1365,13660,4.286879629944451e-06,100.0,1.0000042915344238,0.001,NaN,NaN,NaN,transformer,embedding,2,285.33199909329414
1378,13790,1.6678344536558143e-06,100.0,1.0000016689300537,0.001,NaN,NaN,NaN,transformer,embedding,2,283.61577711999416
1390,13910,NaN,NaN,NaN,NaN,3.3325812816619873,48.119022369384766,28.01055145263672,transformer,embedding,2,282.1095611602068
1391,13920,6.301818871179421e-07,100.0,1.0000005960464478,0.001,NaN,NaN,NaN,transformer,embedding,2,281.98806931078434
1404,14050,2.3152549033511605e-07,100.0,1.000000238418579,0.001,NaN,NaN,NaN,transformer,embedding,2,280.48280584812164
1417,14180,NaN,NaN,NaN,NaN,3.2444019317626953,48.119022369384766,25.6463680267334,transformer,embedding,2,279.1542149633169
1418,14190,8.791177208422596e-08,100.0,1.0000001192092896,0.001,NaN,NaN,NaN,transformer,embedding,2,279.06419253349304
1432,14330,5.672831093761488e-08,100.0,1.0,0.001,NaN,NaN,NaN,transformer,embedding,2,278.18939243257046
1445,14460,NaN,NaN,NaN,NaN,2.882197141647339,48.204036712646484,17.853456497192383,transformer,embedding,2,278.28636559844017
1446,14470,4.6882899340516815e-08,100.0,1.0,0.001,NaN,NaN,NaN,transformer,embedding,2,278.33254423737526
1460,14610,4.2853503856576936e-08,100.0,1.0,0.001,NaN,NaN,NaN,transformer,embedding,2,279.3947235047817
1473,14740,NaN,NaN,NaN,NaN,3.306623935699463,45.67481231689453,27.292827606201172,transformer,embedding,2,284.6071356385946
1474,14750,0.019094252958893776,99.00084686279297,1.0192776918411255,0.001,NaN,NaN,NaN,transformer,embedding,2,285.00203159451485
1488,14890,0.018207179382443428,98.76700592041016,1.018373966217041,0.001,NaN,NaN,NaN,transformer,embedding,2,287.16245682537556
1502,15030,0.006670492235571146,99.65986633300781,1.0066927671432495,0.001,3.3782052993774414,46.950050354003906,29.318105697631836,transformer,embedding,2,290.3157254755497
1517,15180,0.01893208920955658,98.76700592041016,1.019112467765808,0.001,NaN,NaN,NaN,transformer,embedding,2,292.5593156814575
1532,15330,0.0020584273152053356,99.91496276855469,1.0020605325698853,0.001,3.0853137969970703,48.012752532958984,21.874330520629883,transformer,embedding,2,294.3418889939785
1547,15480,0.00016974563186522573,100.0,1.0001697540283203,0.001,NaN,NaN,NaN,transformer,embedding,2,295.24521628022194
1562,15630,1.7423235476599075e-05,100.0,1.0000174045562744,0.001,2.7628371715545654,49.011688232421875,15.844733238220215,transformer,embedding,2,293.12091432511806
1577,15780,6.644464065175271e-06,100.0,1.0000066757202148,0.001,NaN,NaN,NaN,transformer,embedding,2,291.0540198981762
1592,15930,2.3108750610845163e-06,100.0,1.0000022649765015,0.001,NaN,NaN,NaN,transformer,embedding,2,289.1064024269581
1593,15940,NaN,NaN,NaN,NaN,2.6977169513702393,49.011688232421875,14.845799446105957,transformer,embedding,2,288.98179356753826
1607,16080,7.335397071983607e-07,100.0,1.0000007152557373,0.001,NaN,NaN,NaN,transformer,embedding,2,287.3194530159235
1623,16240,1.9948041085626755e-07,100.0,1.000000238418579,0.001,NaN,NaN,NaN,transformer,embedding,2,285.64749117195606
1624,16250,NaN,NaN,NaN,NaN,2.682262420654297,48.905418395996094,14.618127822875977,transformer,embedding,2,285.5526038110256
1639,16400,8.601111289863184e-08,100.0,1.0000001192092896,0.001,NaN,NaN,NaN,transformer,embedding,2,284.42986305058
1655,16560,5.755192589163016e-08,100.0,1.0,0.001,NaN,NaN,NaN,transformer,embedding,2,284.4325951933861
1656,16570,NaN,NaN,NaN,NaN,2.450310468673706,48.84165573120117,11.591944694519043,transformer,embedding,2,284.48213893175125
1671,16720,5.249617629488057e-08,100.0,1.0,0.001,NaN,NaN,NaN,transformer,embedding,2,285.66959515213966
1687,16880,5.067154873472646e-08,100.0,1.0,0.001,NaN,NaN,NaN,transformer,embedding,2,287.41102208197117
1689,16900,NaN,NaN,NaN,NaN,2.2514595985412598,48.79914855957031,9.501594543457031,transformer,embedding,2,287.6524443626404
1703,17040,4.887225557581587e-08,100.0,1.0,0.001,NaN,NaN,NaN,transformer,embedding,2,289.40747475624084
1720,17210,4.738974368478921e-08,100.0,1.0,0.001,NaN,NaN,NaN,transformer,embedding,2,291.77006237208843
1722,17230,NaN,NaN,NaN,NaN,2.177945137023926,49.03294372558594,8.828146934509277,transformer,embedding,2,292.0640067011118
1737,17380,4.967053257587395e-08,100.0,1.0,0.001,NaN,NaN,NaN,transformer,embedding,2,294.42065194249153
1754,17550,4.8289386711530824e-08,100.0,1.0,0.001,NaN,NaN,NaN,transformer,embedding,2,297.2665470838547
1756,17570,NaN,NaN,NaN,NaN,2.1092171669006348,48.926673889160156,8.24178695678711,transformer,embedding,2,297.6207940131426
1771,17720,4.993662372498875e-08,100.0,1.0,0.001,NaN,NaN,NaN,transformer,embedding,2,300.2207382321358
1788,17890,4.941711040373775e-08,100.0,1.0,0.001,NaN,NaN,NaN,transformer,embedding,2,303.4444800466299
1791,17920,NaN,NaN,NaN,NaN,2.0805532932281494,49.13921356201172,8.008898735046387,transformer,embedding,2,304.0144133120775
1805,18060,5.0037993304385964e-08,100.0,1.0,0.001,NaN,NaN,NaN,transformer,embedding,2,306.81402619183064
1823,18240,0.007164367940276861,99.55357360839844,1.0071901082992554,0.001,NaN,NaN,NaN,transformer,embedding,2,314.5264506191015
1826,18270,NaN,NaN,NaN,NaN,3.338771104812622,47.84272003173828,28.18446922302246,transformer,embedding,2,314.68753358721733
1841,18420,0.021970199421048164,98.78826141357422,1.022213339805603,0.001,NaN,NaN,NaN,transformer,embedding,2,318.67609913647175
1859,18600,9.05116758076474e-06,100.0,1.0000090599060059,0.001,NaN,NaN,NaN,transformer,embedding,2,317.3755230307579
1862,18630,NaN,NaN,NaN,NaN,3.148617744445801,49.35175323486328,23.303831100463867,transformer,embedding,2,316.9036094993353
1877,18780,2.505029897292843e-06,100.0,1.0000025033950806,0.001,NaN,NaN,NaN,transformer,embedding,2,314.5675788074732
1895,18960,6.729453616571845e-07,100.0,1.0000007152557373,0.001,NaN,NaN,NaN,transformer,embedding,2,311.83418099582195
1899,19000,NaN,NaN,NaN,NaN,3.078803777694702,49.33049774169922,21.732389450073242,transformer,embedding,2,311.2389995008707
1913,19140,1.562467417670632e-07,100.0,1.0000001192092896,0.001,NaN,NaN,NaN,transformer,embedding,2,309.20814076066017
1932,19330,6.411553243879098e-08,100.0,1.0000001192092896,0.001,NaN,NaN,NaN,transformer,embedding,2,306.77510783076286
1936,19370,NaN,NaN,NaN,NaN,2.6758904457092285,49.69181442260742,14.525278091430664,transformer,embedding,2,306.40329363942146
1951,19520,6.659905693595647e-08,100.0,1.0000001192092896,0.001,NaN,NaN,NaN,transformer,embedding,2,306.0040093958378
1970,19710,5.965532068330504e-08,100.0,1.0000001192092896,0.001,NaN,NaN,NaN,transformer,embedding,2,308.0952636003494
1974,19750,NaN,NaN,NaN,NaN,1.8722054958343506,50.18065643310547,6.502622127532959,transformer,embedding,2,308.81175804138184
1989,19900,5.657625479216222e-08,100.0,1.0,0.001,NaN,NaN,NaN,transformer,embedding,2,311.9107142686844
2008,20090,0.0021584706846624613,99.91496276855469,1.0021607875823975,0.001,NaN,NaN,NaN,transformer,embedding,2,319.4213352203369
2013,20140,NaN,NaN,NaN,NaN,3.035183906555176,49.58554458618164,20.8048038482666,transformer,embedding,2,319.0720417648554
2028,20290,0.010635904036462307,99.3197250366211,1.0106927156448364,0.001,NaN,NaN,NaN,transformer,embedding,2,322.0381525158882
2048,20490,0.0022387553472071886,99.91496276855469,1.0022412538528442,0.001,NaN,NaN,NaN,transformer,embedding,2,323.9494910687208
2053,20540,NaN,NaN,NaN,NaN,2.4004132747650146,52.60361099243164,11.027732849121094,transformer,embedding,2,323.43530800938606
2068,20690,0.006517976522445679,99.61734771728516,1.006539225578308,0.001,NaN,NaN,NaN,transformer,embedding,2,325.51856076717377
2088,20890,7.258303412527312e-06,100.0,1.0000072717666626,0.001,NaN,NaN,NaN,transformer,embedding,2,322.5781055986881
2094,20950,NaN,NaN,NaN,NaN,2.009829044342041,54.51647186279297,7.46204137802124,transformer,embedding,2,321.62488205730915
2108,21090,1.8450796233082656e-06,100.0,1.0000017881393433,0.001,NaN,NaN,NaN,transformer,embedding,2,319.4307535290718
2129,21300,3.6898083521919034e-07,100.0,1.0000003576278687,0.001,NaN,NaN,NaN,transformer,embedding,2,316.24684028327465
2135,21360,NaN,NaN,NaN,NaN,1.8455917835235596,55.2816162109375,6.331845760345459,transformer,embedding,2,315.3706642091274
2150,21510,8.337553225601368e-08,100.0,1.0000001192092896,0.001,NaN,NaN,NaN,transformer,embedding,2,313.3032654225826
2171,21720,8.302074405719395e-08,100.0,1.0000001192092896,0.001,NaN,NaN,NaN,transformer,embedding,2,311.8274140059948
2177,21780,NaN,NaN,NaN,NaN,1.2268427610397339,57.555789947509766,3.410444974899292,transformer,embedding,2,312.0674844533205
2192,21930,6.874046931670819e-08,100.0,1.0000001192092896,0.001,NaN,NaN,NaN,transformer,embedding,2,313.91378206014633
2213,22140,6.364670213088175e-08,100.0,1.0000001192092896,0.001,NaN,NaN,NaN,transformer,embedding,2,318.1541581749916
2220,22210,NaN,NaN,NaN,NaN,1.153991937637329,56.53559875488281,3.170825481414795,transformer,embedding,2,319.68649753928185
2235,22360,5.8704991090507974e-08,100.0,1.0,0.001,NaN,NaN,NaN,transformer,embedding,2,323.166079595685
2257,22580,5.7843362100129525e-08,100.0,1.0,0.001,NaN,NaN,NaN,transformer,embedding,2,327.9872961193323
2264,22650,NaN,NaN,NaN,NaN,1.1549896001815796,56.36556625366211,3.173990488052368,transformer,embedding,2,329.7025892883539
2279,22800,5.409273029499673e-08,100.0,1.0,0.001,NaN,NaN,NaN,transformer,embedding,2,333.2314123362303
2301,23020,5.31043866658365e-08,100.0,1.0,0.001,NaN,NaN,NaN,transformer,embedding,2,338.2697045058012
2309,23100,NaN,NaN,NaN,NaN,2.5357954502105713,50.7757682800293,12.626470565795898,transformer,embedding,2,344.8142979890108
2324,23250,0.008146749809384346,99.53231048583984,1.008180022239685,0.001,NaN,NaN,NaN,transformer,embedding,2,347.4334471821785
2347,23480,1.9857964161928976e-06,100.0,1.0000020265579224,0.001,NaN,NaN,NaN,transformer,embedding,2,343.9753756672144
2355,23560,NaN,NaN,NaN,NaN,1.9279738664627075,56.17428207397461,6.875565528869629,transformer,embedding,2,342.614695712924
2370,23710,4.510248743372358e-07,100.0,1.0000004768371582,0.001,NaN,NaN,NaN,transformer,embedding,2,340.09862391650677
2393,23940,8.27546458026518e-08,100.0,1.0000001192092896,0.001,NaN,NaN,NaN,transformer,embedding,2,336.3836586177349
2402,24030,NaN,NaN,NaN,NaN,1.6571290493011475,57.449520111083984,5.244233131408691,transformer,embedding,2,335.04571610689163
2416,24170,5.657625479216222e-08,100.0,1.0,0.001,NaN,NaN,NaN,transformer,embedding,2,333.40455520153046
2440,24410,6.493915094551994e-08,100.0,1.0000001192092896,0.001,NaN,NaN,NaN,transformer,embedding,2,334.1588533371687
2450,24510,NaN,NaN,NaN,NaN,0.8972835540771484,60.68012619018555,2.4529306888580322,transformer,embedding,2,335.9445023685694
2464,24650,5.8781019163234305e-08,100.0,1.0,0.001,NaN,NaN,NaN,transformer,embedding,2,339.40896137058735
2488,24890,5.490367627203341e-08,100.0,1.0,0.001,NaN,NaN,NaN,transformer,embedding,2,345.0452614724636
2498,24990,NaN,NaN,NaN,NaN,0.9272541999816895,59.97874450683594,2.527559518814087,transformer,embedding,2,347.4487022012472
2512,25130,5.6424205752136913e-08,100.0,1.0,0.001,NaN,NaN,NaN,transformer,embedding,2,350.58226558566093
2537,25380,5.176125483785654e-08,100.0,1.0,0.001,NaN,NaN,NaN,transformer,embedding,2,356.2894425243139
2547,25480,NaN,NaN,NaN,NaN,0.930067777633667,60.12752151489258,2.5346808433532715,transformer,embedding,2,358.3844306319952
2562,25630,4.9898609688625584e-08,100.0,1.0,0.001,NaN,NaN,NaN,transformer,embedding,2,360.88185277581215
2587,25880,5.008867631772773e-08,100.0,1.0,0.001,NaN,NaN,NaN,transformer,embedding,2,365.97624656558037
2597,25980,NaN,NaN,NaN,NaN,0.9298228621482849,59.957489013671875,2.53406023979187,transformer,embedding,2,368.94751688838005
2612,26130,5.24454932815388e-08,100.0,1.0,0.001,NaN,NaN,NaN,transformer,embedding,2,371.58421844244003
2638,26390,4.854280888366702e-08,100.0,1.0,0.001,NaN,NaN,NaN,transformer,embedding,2,376.2036797106266
2648,26490,NaN,NaN,NaN,NaN,0.9329205751419067,60.0,2.5419223308563232,transformer,embedding,2,378.0994815826416
2664,26650,0.037771549075841904,98.1292495727539,1.0384939908981323,0.001,NaN,NaN,NaN,transformer,embedding,2,386.4782742410898
2690,26910,0.02384115569293499,98.7244873046875,1.0241276025772095,0.001,NaN,NaN,NaN,transformer,embedding,2,391.48386155068874
2700,27010,NaN,NaN,NaN,NaN,1.4837994575500488,63.3793830871582,4.409668445587158,transformer,embedding,2,391.9790768921375
2716,27170,0.012534502893686295,99.29846954345703,1.0126134157180786,0.001,NaN,NaN,NaN,transformer,embedding,2,391.9352952837944
2743,27440,0.009201934561133385,99.42601776123047,1.009244441986084,0.001,NaN,NaN,NaN,transformer,embedding,2,392.9978421330452
2753,27540,NaN,NaN,NaN,NaN,0.7538480758666992,76.08926391601562,2.125162124633789,transformer,embedding,2,393.5745113044977
2770,27710,2.872484174076817e-06,100.0,1.0000028610229492,0.001,NaN,NaN,NaN,transformer,embedding,2,390.6222178339958
2797,27980,4.7459190000154194e-07,100.0,1.0000004768371582,0.001,NaN,NaN,NaN,transformer,embedding,2,385.419998511672
2808,28090,NaN,NaN,NaN,NaN,0.40919846296310425,84.1232681274414,1.505610466003418,transformer,embedding,2,383.33732584118843
2824,28250,6.533194607527548e-08,100.0,1.0000001192092896,0.001,NaN,NaN,NaN,transformer,embedding,2,380.35388311743736
2852,28530,5.808411174257344e-08,100.0,1.0,0.001,NaN,NaN,NaN,transformer,embedding,2,375.740611538291
2864,28650,NaN,NaN,NaN,NaN,0.08898525685071945,94.43144989013672,1.093064546585083,transformer,embedding,2,375.57972234487534
2880,28810,6.928532059191639e-08,100.0,1.0000001192092896,0.001,NaN,NaN,NaN,transformer,embedding,2,377.73456589877605
2908,29090,5.693104654369563e-08,100.0,1.0,0.001,NaN,NaN,NaN,transformer,embedding,2,383.00206634402275
2921,29220,NaN,NaN,NaN,NaN,0.13684627413749695,91.58341979980469,1.1466518640518188,transformer,embedding,2,385.97267320752144
2937,29380,4.88215725624741e-08,100.0,1.0,0.001,NaN,NaN,NaN,transformer,embedding,2,388.37744584679604
2966,29670,4.835274225456487e-08,100.0,1.0,0.001,NaN,NaN,NaN,transformer,embedding,2,393.0480228960514
2979,29800,NaN,NaN,NaN,NaN,0.18287813663482666,88.77789306640625,1.2006680965423584,transformer,embedding,2,395.10965770483017
2995,29960,4.7148994042345294e-08,100.0,1.0,0.001,NaN,NaN,NaN,transformer,embedding,2,397.4052976965904
3024,30250,4.66421496980729e-08,100.0,1.0,0.001,NaN,NaN,NaN,transformer,embedding,2,401.83698785305023
3038,30390,NaN,NaN,NaN,NaN,0.20173491537570953,87.94898986816406,1.2235236167907715,transformer,embedding,2,404.0742978453636
3054,30550,4.6274688969560884e-08,100.0,1.0,0.001,NaN,NaN,NaN,transformer,embedding,2,406.06458696722984
3084,30850,4.3322334164486165e-08,100.0,1.0,0.001,NaN,NaN,NaN,transformer,embedding,2,409.4066119790077
3098,30990,NaN,NaN,NaN,NaN,0.2104346603155136,87.22634887695312,1.234214425086975,transformer,embedding,2,411.12049278616905
3114,31150,4.491888816460232e-08,100.0,1.0,0.001,NaN,NaN,NaN,transformer,embedding,2,413.57668286561966
3145,31460,4.086415117399156e-08,100.0,1.0,0.001,NaN,NaN,NaN,transformer,embedding,2,417.80531111359596
3159,31600,NaN,NaN,NaN,NaN,0.20608243346214294,87.80020904541016,1.2288545370101929,transformer,embedding,2,419.7112636566162
3176,31770,4.0091215680604364e-08,100.0,1.0,0.001,NaN,NaN,NaN,transformer,embedding,2,422.13741528987885
3207,32080,3.8215898001681126e-08,100.0,1.0,0.001,NaN,NaN,NaN,transformer,embedding,2,425.8422426879406
3222,32230,NaN,NaN,NaN,NaN,0.2173219472169876,87.18384552001953,1.2427440881729126,transformer,embedding,2,427.69408643245697
3239,32400,3.775974022346418e-08,100.0,1.0,0.001,NaN,NaN,NaN,transformer,embedding,2,429.661170065403
3271,32720,3.625188682576663e-08,100.0,1.0,0.001,NaN,NaN,NaN,transformer,embedding,2,433.75504770874977
3286,32870,NaN,NaN,NaN,NaN,0.19625993072986603,88.43782806396484,1.2168431282043457,transformer,embedding,2,435.668216586113
3303,33040,3.554230687541349e-08,100.0,1.0,0.001,NaN,NaN,NaN,transformer,embedding,2,437.7943670451641
3336,33370,3.817788751803164e-08,100.0,1.0,0.001,NaN,NaN,NaN,transformer,embedding,2,441.7760979831219
3351,33520,NaN,NaN,NaN,NaN,0.18064334988594055,89.6280517578125,1.1979877948760986,transformer,embedding,2,444.40408205986023
3369,33700,3.520018765357236e-08,100.0,1.0,0.001,NaN,NaN,NaN,transformer,embedding,2,446.8683750927448
3402,34030,3.523820168993552e-08,100.0,1.0,0.001,NaN,NaN,NaN,transformer,embedding,2,450.9879092872143
3418,34190,NaN,NaN,NaN,NaN,0.17382259666919708,89.56429290771484,1.1898444890975952,transformer,embedding,2,453.34324833750725
3436,34370,3.508614909719654e-08,100.0,1.0,0.001,NaN,NaN,NaN,transformer,embedding,2,455.56120601296425
3470,34710,0.016628118231892586,99.21343231201172,1.016767144203186,0.001,NaN,NaN,NaN,transformer,embedding,2,469.254919975996
3486,34870,NaN,NaN,NaN,NaN,0.6835973262786865,81.80658721923828,1.980991244316101,transformer,embedding,2,471.924413561821
3504,35050,0.002714418573305011,99.80867004394531,1.0027180910110474,0.001,NaN,NaN,NaN,transformer,embedding,2,472.6783257126808
3539,35400,0.008559584617614746,99.5535659790039,1.0085963010787964,0.001,NaN,NaN,NaN,transformer,embedding,2,472.2688176780939
3555,35560,NaN,NaN,NaN,NaN,0.2028650939464569,93.28373718261719,1.2249071598052979,transformer,embedding,2,471.2651173621416
3574,35750,0.001231599599123001,99.91496276855469,1.001232385635376,0.001,NaN,NaN,NaN,transformer,embedding,2,471.1374888718128
3609,36100,9.732201533552143e-07,100.0,1.0000009536743164,0.001,NaN,NaN,NaN,transformer,embedding,2,466.45536908507347
3626,36270,NaN,NaN,NaN,NaN,0.03920133411884308,98.12964630126953,1.0399798154830933,transformer,embedding,2,462.51058772206306
3645,36460,7.595016171535462e-08,100.0,1.0000001192092896,0.001,NaN,NaN,NaN,transformer,embedding,2,458.14830373227596
3681,36820,7.767355647558816e-09,100.0,1.0,0.001,NaN,NaN,NaN,transformer,embedding,2,450.03890511393547
3698,36990,NaN,NaN,NaN,NaN,0.005768280476331711,99.61742401123047,1.0057849884033203,transformer,embedding,2,446.3588811159134
3717,37180,0.008072358556091785,99.53231048583984,1.0081050395965576,0.001,NaN,NaN,NaN,transformer,embedding,2,450.0636465549469
3754,37550,5.846977728651837e-07,100.0,1.0000005960464478,0.001,NaN,NaN,NaN,transformer,embedding,2,446.3995982706547
3771,37720,NaN,NaN,NaN,NaN,0.01816958747804165,99.08607482910156,1.0183357000350952,transformer,embedding,2,442.6240710914135
3791,37920,3.661931202714186e-08,100.0,1.0,0.001,NaN,NaN,NaN,transformer,embedding,2,438.23104426264763
3828,38290,1.9450062893611175e-08,100.0,1.0,0.001,NaN,NaN,NaN,transformer,embedding,2,430.22557097673416
3846,38470,NaN,NaN,NaN,NaN,7.52562191337347e-05,100.0,1.0000752210617065,transformer,embedding,2,427.37904784083366
3866,38670,6.506586203158804e-08,100.0,1.0000001192092896,0.001,NaN,NaN,NaN,transformer,embedding,2,426.6298460364342
3904,39050,5.547387615933985e-08,100.0,1.0,0.001,NaN,NaN,NaN,transformer,embedding,2,427.2091006040573
3922,39230,NaN,NaN,NaN,NaN,5.00559872307349e-06,100.0,1.0000050067901611,transformer,embedding,2,429.4944623708725
3943,39440,4.9632518539510784e-08,100.0,1.0,0.001,NaN,NaN,NaN,transformer,embedding,2,432.92713564634323
3982,39830,4.4804846055512826e-08,100.0,1.0,0.001,NaN,NaN,NaN,transformer,embedding,2,436.6407962143421
4000,40010,NaN,NaN,NaN,NaN,2.175600911868969e-06,100.0,1.000002145767212,transformer,embedding,2,437.8745331764221
4021,40220,4.234666306501822e-08,100.0,1.0,0.001,NaN,NaN,NaN,transformer,embedding,2,439.4978942871094
4061,40620,3.7328923951918114e-08,100.0,1.0,0.001,NaN,NaN,NaN,transformer,embedding,2,442.88455390930176
4079,40800,NaN,NaN,NaN,NaN,9.61984483183187e-07,100.0,1.0000009536743164,transformer,embedding,2,444.54171058535576
4101,41020,3.782309576649823e-08,100.0,1.0,0.001,NaN,NaN,NaN,transformer,embedding,2,446.6366955935955
4142,41430,3.6201200259711186e-08,100.0,1.0,0.001,NaN,NaN,NaN,transformer,embedding,2,450.7648124694824
4160,41610,NaN,NaN,NaN,NaN,6.801309382353793e-07,100.0,1.0000007152557373,transformer,embedding,2,452.69781467318535
4183,41840,3.4249858060775296e-08,100.0,1.0,0.001,NaN,NaN,NaN,transformer,embedding,2,454.98344963788986
4224,42250,3.4858068431731226e-08,100.0,1.0,0.001,NaN,NaN,NaN,transformer,embedding,2,459.3497733473778
4243,42440,NaN,NaN,NaN,NaN,5.698981340174214e-07,100.0,1.0000005960464478,transformer,embedding,2,461.5010641515255
4266,42670,3.4110477997728594e-08,100.0,1.0,0.001,NaN,NaN,NaN,transformer,embedding,2,464.08670723438263
