epoch,global_step,train_loss,train_accuracy,train_perplexity,learning_rate,val_loss,val_accuracy,val_perplexity,model_type,encoding,k_value
0,10,3.7613365650177,0.27636054158210754,43.00586700439453,0.001,2.376878261566162,0.9564293026924133,10.771224975585938,transformer,embedding,2
1,20,2.341459274291992,1.0416666269302368,10.39639663696289,0.001,2.330075979232788,0.9989372491836548,10.278722763061523,transformer,embedding,2
2,30,2.321568250656128,0.9566326141357422,10.191644668579102,0.001,2.307047128677368,0.8926673531532288,10.044719696044922,transformer,embedding,2
3,40,2.3122007846832275,0.829081654548645,10.096620559692383,0.001,2.3062853813171387,0.8714133501052856,10.037071228027344,transformer,embedding,2
4,50,2.31064772605896,1.084183692932129,10.080952644348145,0.001,2.302111864089966,0.9776833057403564,9.995268821716309,transformer,embedding,2
5,60,2.3104255199432373,0.8928571343421936,10.078712463378906,0.001,2.301025629043579,0.8714133501052856,9.984417915344238,transformer,embedding,2
6,70,2.309201717376709,1.1692177057266235,10.066385269165039,0.001,2.304096221923828,0.8501594066619873,10.015122413635254,transformer,embedding,2
7,80,2.3106937408447266,0.9141156673431396,10.081416130065918,0.001,2.3032867908477783,0.9776833057403564,10.00701904296875,transformer,embedding,2
8,90,2.309197187423706,0.8928571343421936,10.066340446472168,0.001,2.304957151412964,0.8714133501052856,10.023748397827148,transformer,embedding,2
9,100,2.3075151443481445,1.2329931259155273,10.049422264099121,0.001,2.301633596420288,0.9564293026924133,9.990489959716797,transformer,embedding,2
10,110,2.3583004474639893,0.9141156673431396,10.572966575622559,0.001,2.3077573776245117,1.041445255279541,10.051856994628906,transformer,embedding,2
11,120,2.3299360275268555,0.9353741407394409,10.277283668518066,0.001,2.3092422485351562,0.7651434540748596,10.066793441772461,transformer,embedding,2
12,130,2.308515787124634,1.084183692932129,10.059483528137207,0.001,2.3052499294281006,0.9989372491836548,10.026683807373047,transformer,embedding,2
13,140,2.3061983585357666,1.0416666269302368,10.036197662353516,0.001,2.2979862689971924,0.9139213562011719,9.954117774963379,transformer,embedding,2
14,150,2.304636001586914,1.2542517185211182,10.020529747009277,0.001,2.3012490272521973,0.8076514005661011,9.986648559570312,transformer,embedding,2
15,160,2.307968854904175,1.1267006397247314,10.053982734680176,0.001,2.298957109451294,0.9139213562011719,9.963786125183105,transformer,embedding,2
16,170,2.3064749240875244,1.1054421663284302,10.038973808288574,0.001,2.3020436763763428,0.9564293026924133,9.994586944580078,transformer,embedding,2
17,180,2.302574872970581,1.1267006397247314,9.999897956848145,0.001,2.299884080886841,1.041445255279541,9.973026275634766,transformer,embedding,2
18,190,2.2999649047851562,0.9141156673431396,9.973832130432129,0.001,2.3078818321228027,1.0626991987228394,10.053108215332031,transformer,embedding,2
19,200,2.3047499656677246,0.8503401279449463,10.021672248840332,0.001,2.298593044281006,0.7651434540748596,9.960159301757812,transformer,embedding,2
20,210,2.30385160446167,0.9778911471366882,10.012673377990723,0.001,2.3016672134399414,0.9351752996444702,9.990825653076172,transformer,embedding,2
21,220,2.3027400970458984,1.062925100326538,10.00154972076416,0.001,2.3000168800354004,0.8714133501052856,9.974350929260254,transformer,embedding,2
22,230,2.3021578788757324,1.0416666269302368,9.995728492736816,0.001,2.29813289642334,0.9564293026924133,9.95557689666748,transformer,embedding,2
23,240,2.3000905513763428,0.8928571343421936,9.975085258483887,0.001,2.2986574172973633,0.8076514005661011,9.960800170898438,transformer,embedding,2
24,250,2.3020992279052734,1.084183692932129,9.995142936706543,0.001,2.3015224933624268,0.7651434540748596,9.9893798828125,transformer,embedding,2
25,260,2.301252603530884,0.9141156673431396,9.98668384552002,0.001,2.2975175380706787,1.0839532613754272,9.94945240020752,transformer,embedding,2
26,270,2.298435688018799,1.0629252195358276,9.95859146118164,0.001,2.301283121109009,0.9139213562011719,9.98698902130127,transformer,embedding,2
27,280,2.303678512573242,1.0629252195358276,10.010940551757812,0.001,2.3003995418548584,0.9989372491836548,9.978168487548828,transformer,embedding,2
28,290,2.3038947582244873,0.9566326141357422,10.013105392456055,0.001,2.2982940673828125,0.9139213562011719,9.957181930541992,transformer,embedding,2
29,300,2.297684669494629,0.8503401279449463,9.951115608215332,0.001,2.3022027015686035,1.041445255279541,9.996176719665527,transformer,embedding,2
30,310,2.3024086952209473,0.7227891087532043,9.998236656188965,0.001,2.296692371368408,0.9564293026924133,9.941246032714844,transformer,embedding,2
31,320,2.300002336502075,1.1479592323303223,9.97420597076416,0.001,2.299502372741699,1.0201913118362427,9.969220161437988,transformer,embedding,2
32,330,2.3019347190856934,0.8715986013412476,9.993498802185059,0.001,2.297382116317749,0.9351752996444702,9.948105812072754,transformer,embedding,2
33,340,2.2977635860443115,0.7653061151504517,9.95190143585205,0.001,2.298555850982666,1.0839532613754272,9.95978832244873,transformer,embedding,2
34,350,2.3008933067321777,1.211734652519226,9.9830961227417,0.001,2.2982451915740967,0.9139213562011719,9.956694602966309,transformer,embedding,2
35,360,2.299558162689209,1.0629252195358276,9.969776153564453,0.001,2.299795150756836,0.7651434540748596,9.972139358520508,transformer,embedding,2
36,370,2.2976267337799072,1.1267006397247314,9.950539588928223,0.001,2.2999401092529297,0.9989372491836548,9.97358512878418,transformer,embedding,2
37,380,2.2995693683624268,1.211734652519226,9.969887733459473,0.001,2.2975635528564453,0.9139213562011719,9.949910163879395,transformer,embedding,2
38,390,2.2980377674102783,1.0416666269302368,9.954629898071289,0.001,2.2976975440979004,0.8714133501052856,9.95124340057373,transformer,embedding,2
39,400,2.297391891479492,1.1692177057266235,9.948202133178711,0.001,2.297797679901123,0.9989372491836548,9.952239990234375,transformer,embedding,2
40,410,2.2988791465759277,1.2329931259155273,9.963008880615234,0.001,2.300891160964966,0.9139213562011719,9.983075141906738,transformer,embedding,2
41,420,2.2972753047943115,0.7227891087532043,9.947042465209961,0.001,2.29833984375,0.8926673531532288,9.957637786865234,transformer,embedding,2
42,430,2.297910451889038,1.0204081535339355,9.953362464904785,0.001,2.2973008155822754,0.9139213562011719,9.947296142578125,transformer,embedding,2
43,440,2.2980620861053467,0.9353741407394409,9.954872131347656,0.001,2.2978639602661133,0.8714133501052856,9.952899932861328,transformer,embedding,2
44,450,2.2948105335235596,0.9566326141357422,9.922555923461914,0.001,2.2997138500213623,0.8714133501052856,9.971328735351562,transformer,embedding,2
45,460,2.2967324256896973,1.062925100326538,9.941644668579102,0.001,2.297269344329834,0.8926673531532288,9.946983337402344,transformer,embedding,2
46,470,2.2926745414733887,1.0204081535339355,9.901384353637695,0.001,2.2972283363342285,0.9989372491836548,9.946576118469238,transformer,embedding,2
47,480,2.297086000442505,0.9141156673431396,9.945159912109375,0.001,2.297783374786377,0.8714133501052856,9.95209789276123,transformer,embedding,2
48,490,2.297456741333008,1.1692177057266235,9.948847770690918,0.001,2.297970771789551,0.8501594066619873,9.953963279724121,transformer,embedding,2
49,500,2.2943103313446045,0.9991496801376343,9.917593955993652,0.001,2.2973666191101074,1.041445255279541,9.947951316833496,transformer,embedding,2
50,510,2.2948358058929443,1.1479592323303223,9.922806739807129,0.001,2.2974843978881836,0.8714133501052856,9.94912338256836,transformer,embedding,2
51,520,2.295628547668457,1.211734652519226,9.930675506591797,0.001,2.296757459640503,0.7651434540748596,9.941893577575684,transformer,embedding,2
52,530,2.294466733932495,1.211734652519226,9.919144630432129,0.001,2.2973501682281494,0.8076514005661011,9.947787284851074,transformer,embedding,2
53,540,2.2969295978546143,1.0629252195358276,9.943604469299316,0.001,2.2982048988342285,0.9989372491836548,9.956294059753418,transformer,embedding,2
54,550,2.2954390048980713,1.1692177057266235,9.928793907165527,0.001,2.2981090545654297,0.9776833057403564,9.955339431762695,transformer,embedding,2
55,560,2.2961864471435547,1.0629252195358276,9.93621826171875,0.001,2.295255422592163,0.8714133501052856,9.926971435546875,transformer,embedding,2
56,570,2.2961103916168213,1.062925100326538,9.93546199798584,0.001,2.2986948490142822,0.9139213562011719,9.961173057556152,transformer,embedding,2
57,580,2.2953341007232666,0.829081654548645,9.927752494812012,0.001,2.2988197803497314,0.9351752996444702,9.962417602539062,transformer,embedding,2
58,590,2.2949013710021973,1.2542517185211182,9.923457145690918,0.001,2.2970683574676514,0.8501594066619873,9.944984436035156,transformer,embedding,2
59,600,2.2941646575927734,0.9353741407394409,9.916149139404297,0.001,2.296190023422241,0.9139213562011719,9.936253547668457,transformer,embedding,2
60,610,2.2938945293426514,1.1904761791229248,9.913471221923828,0.001,2.2968389987945557,0.9564293026924133,9.942704200744629,transformer,embedding,2
61,620,2.296426773071289,1.1054421663284302,9.938606262207031,0.001,2.299433469772339,0.9564293026924133,9.968533515930176,transformer,embedding,2
62,630,2.2935361862182617,1.1904761791229248,9.909918785095215,0.001,2.29656720161438,0.7651434540748596,9.940001487731934,transformer,embedding,2
63,640,2.2928285598754883,1.211734652519226,9.902909278869629,0.001,2.2974374294281006,0.8714133501052856,9.94865608215332,transformer,embedding,2
64,650,2.293564558029175,1.0629252195358276,9.910200119018555,0.001,2.295501708984375,1.0201913118362427,9.92941665649414,transformer,embedding,2
65,660,2.2943058013916016,1.1054421663284302,9.917549133300781,0.001,2.2989535331726074,0.8076514005661011,9.963749885559082,transformer,embedding,2
66,670,2.293617010116577,1.1904761791229248,9.910719871520996,0.001,2.2985804080963135,0.9139213562011719,9.960033416748047,transformer,embedding,2
67,680,2.2949302196502686,0.9353741407394409,9.92374324798584,0.001,2.295318603515625,0.9139213562011719,9.927597999572754,transformer,embedding,2
68,690,2.29193115234375,1.1054421663284302,9.894025802612305,0.001,2.298304557800293,0.8076514005661011,9.95728588104248,transformer,embedding,2
69,700,2.29274582862854,1.1054421663284302,9.902090072631836,0.001,2.2958450317382812,0.9351752996444702,9.932826042175293,transformer,embedding,2
70,710,2.2920432090759277,1.0629252195358276,9.895134925842285,0.001,2.2968945503234863,0.9776833057403564,9.943256378173828,transformer,embedding,2
71,720,2.2926642894744873,1.1054421663284302,9.90128231048584,0.001,2.2971208095550537,0.9564293026924133,9.94550609588623,transformer,embedding,2
72,730,2.2932615280151367,1.084183692932129,9.907197952270508,0.001,2.296440601348877,0.8076514005661011,9.938743591308594,transformer,embedding,2
73,740,2.291905641555786,1.0204081535339355,9.893774032592773,0.001,2.2960269451141357,0.9139213562011719,9.934633255004883,transformer,embedding,2
74,750,2.2911770343780518,1.0416666269302368,9.886568069458008,0.001,2.2964067459106445,0.8714133501052856,9.938406944274902,transformer,embedding,2
75,760,2.292310953140259,0.9353741407394409,9.897784233093262,0.001,2.2967002391815186,0.7651434540748596,9.941324234008789,transformer,embedding,2
76,770,2.2916359901428223,0.9566326141357422,9.891106605529785,0.001,2.297722101211548,1.0626991987228394,9.951488494873047,transformer,embedding,2
77,780,2.291745662689209,1.1054421663284302,9.892190933227539,0.001,2.295604944229126,0.8076514005661011,9.930441856384277,transformer,embedding,2
78,790,2.2914209365844727,0.8928571343421936,9.888978958129883,0.001,2.2965078353881836,0.9564293026924133,9.939412117004395,transformer,embedding,2
79,800,2.290942668914795,1.1054421663284302,9.88425064086914,0.001,2.2968244552612305,0.9989372491836548,9.942559242248535,transformer,embedding,2
80,810,2.2920494079589844,0.9141156673431396,9.895195960998535,0.001,2.2969460487365723,1.1052072048187256,9.943768501281738,transformer,embedding,2
81,820,2.2926201820373535,0.8503401279449463,9.900845527648926,0.001,2.2961974143981934,0.8714133501052856,9.93632698059082,transformer,embedding,2
82,830,2.292250156402588,1.084183692932129,9.89718246459961,0.001,2.2957799434661865,0.9564293026924133,9.93217945098877,transformer,embedding,2
83,840,2.292426347732544,0.829081654548645,9.898926734924316,0.001,2.2943155765533447,0.9139213562011719,9.917645454406738,transformer,embedding,2
84,850,2.291975498199463,1.1904761791229248,9.894464492797852,0.001,2.296499490737915,0.8714133501052856,9.939329147338867,transformer,embedding,2
85,860,2.2914693355560303,1.1054421663284302,9.889457702636719,0.001,2.2972476482391357,0.9139213562011719,9.946767807006836,transformer,embedding,2
86,870,2.2909903526306152,0.9778911471366882,9.884721755981445,0.001,2.296478509902954,0.8714133501052856,9.939120292663574,transformer,embedding,2
87,880,2.2913594245910645,1.0204081535339355,9.888371467590332,0.001,2.296297788619995,0.9351752996444702,9.937324523925781,transformer,embedding,2
88,890,2.291806221008301,1.211734652519226,9.892789840698242,0.001,2.2964601516723633,0.7651434540748596,9.93893814086914,transformer,embedding,2
89,900,2.290771961212158,1.2967686653137207,9.882563591003418,0.001,2.29630184173584,0.7651434540748596,9.93736457824707,transformer,embedding,2
90,910,2.291130542755127,1.084183692932129,9.8861083984375,0.001,2.2942538261413574,0.8714133501052856,9.917033195495605,transformer,embedding,2
91,920,2.290915012359619,0.8715986013412476,9.883977890014648,0.001,2.296583414077759,0.8926673531532288,9.940162658691406,transformer,embedding,2
92,930,2.291576623916626,1.211734652519226,9.890519142150879,0.001,2.2945144176483154,0.8714133501052856,9.919617652893066,transformer,embedding,2
93,940,2.2903263568878174,0.8715986609458923,9.878161430358887,0.001,2.2960853576660156,0.9989372491836548,9.935213088989258,transformer,embedding,2
94,950,2.2913620471954346,0.7440476417541504,9.888397216796875,0.001,2.2964491844177246,0.9139213562011719,9.938828468322754,transformer,embedding,2
95,960,2.291049003601074,0.956632673740387,9.88530158996582,0.001,2.296482563018799,0.9564293026924133,9.939160346984863,transformer,embedding,2
96,970,2.290788173675537,1.232993245124817,9.882723808288574,0.001,2.2957730293273926,0.9139213562011719,9.932110786437988,transformer,embedding,2
97,980,2.2912797927856445,1.1267006397247314,9.88758373260498,0.001,2.2982068061828613,0.8714133501052856,9.956313133239746,transformer,embedding,2
98,990,2.2907345294952393,0.9778911471366882,9.882193565368652,0.001,2.2967026233673096,0.8501594066619873,9.9413480758667,transformer,embedding,2
99,1000,2.2896997928619385,1.1904761791229248,9.871973991394043,0.001,2.295229911804199,0.9564293026924133,9.926717758178711,transformer,embedding,2
100,1010,2.291064977645874,0.9353741407394409,9.885459899902344,0.001,2.296633720397949,0.8714133501052856,9.94066333770752,transformer,embedding,2
101,1020,2.2898175716400146,1.1692177057266235,9.873136520385742,0.001,2.295793294906616,0.9564293026924133,9.93231201171875,transformer,embedding,2
102,1030,2.290494203567505,0.9991496801376343,9.8798189163208,0.001,NaN,NaN,NaN,transformer,embedding,2
103,1040,2.2905192375183105,0.9141156673431396,9.880066871643066,0.001,2.2977294921875,0.9139213562011719,9.95156192779541,transformer,embedding,2
104,1050,2.2908244132995605,1.211734652519226,9.883082389831543,0.001,NaN,NaN,NaN,transformer,embedding,2
105,1060,2.290134906768799,0.956632673740387,9.876270294189453,0.001,2.294297695159912,0.9564293026924133,9.917468070983887,transformer,embedding,2
106,1070,2.290435314178467,0.9353741407394409,9.879237174987793,0.001,NaN,NaN,NaN,transformer,embedding,2
107,1080,2.290555715560913,1.1479592323303223,9.880427360534668,0.001,2.2953834533691406,0.8501594066619873,9.928242683410645,transformer,embedding,2
108,1090,2.2889413833618164,1.062925100326538,9.864489555358887,0.001,NaN,NaN,NaN,transformer,embedding,2
109,1100,2.289552688598633,1.0629252195358276,9.870521545410156,0.001,2.295935869216919,0.8714133501052856,9.933728218078613,transformer,embedding,2
110,1110,2.680508613586426,1.2542517185211182,14.592513084411621,0.001,NaN,NaN,NaN,transformer,embedding,2
111,1120,2.2912049293518066,1.1692177057266235,9.88684368133545,0.001,2.2947044372558594,0.9776833057403564,9.921503067016602,transformer,embedding,2
112,1130,2.289933443069458,0.9778911471366882,9.87428092956543,0.001,NaN,NaN,NaN,transformer,embedding,2
113,1140,2.289954662322998,1.2967686653137207,9.874489784240723,0.001,2.2972397804260254,0.7651434540748596,9.94668960571289,transformer,embedding,2
114,1150,2.290634870529175,1.0629252195358276,9.881209373474121,0.001,NaN,NaN,NaN,transformer,embedding,2
115,1160,2.2894718647003174,0.9141156673431396,9.869723320007324,0.001,2.294588088989258,0.9139213562011719,9.92034912109375,transformer,embedding,2
116,1170,2.290174722671509,0.956632673740387,9.876663208007812,0.001,NaN,NaN,NaN,transformer,embedding,2
117,1180,2.2899422645568848,1.211734652519226,9.874367713928223,0.001,2.2970354557037354,0.9139213562011719,9.944657325744629,transformer,embedding,2
118,1190,2.290095806121826,1.1054421663284302,9.875884056091309,0.001,NaN,NaN,NaN,transformer,embedding,2
119,1200,2.289738655090332,1.211734652519226,9.872357368469238,0.001,2.2953543663024902,0.8076514005661011,9.927953720092773,transformer,embedding,2
120,1210,2.2895634174346924,1.211734652519226,9.870627403259277,0.001,NaN,NaN,NaN,transformer,embedding,2
121,1220,2.28857421875,1.2329931259155273,9.860868453979492,0.001,2.297919750213623,0.7651434540748596,9.953454971313477,transformer,embedding,2
122,1230,2.352196216583252,1.2542517185211182,10.508624076843262,0.001,NaN,NaN,NaN,transformer,embedding,2
123,1240,2.29061222076416,1.2542517185211182,9.880985260009766,0.001,2.299269676208496,0.8076514005661011,9.966900825500488,transformer,embedding,2
124,1250,2.2914516925811768,1.084183692932129,9.889283180236816,0.001,NaN,NaN,NaN,transformer,embedding,2
125,1260,2.2896981239318848,1.1479592323303223,9.871956825256348,0.001,2.295917510986328,0.8714133501052856,9.93354606628418,transformer,embedding,2
126,1270,2.2900476455688477,1.2755101919174194,9.875408172607422,0.001,NaN,NaN,NaN,transformer,embedding,2
127,1280,2.2897751331329346,1.2967686653137207,9.87271785736084,0.001,2.296858310699463,0.7651434540748596,9.942895889282227,transformer,embedding,2
128,1290,2.2889859676361084,1.1692177057266235,9.86492919921875,0.001,NaN,NaN,NaN,transformer,embedding,2
129,1300,2.28975248336792,1.1054421663284302,9.872493743896484,0.001,2.2953708171844482,0.8076514005661011,9.928116798400879,transformer,embedding,2
130,1310,2.2900285720825195,0.9991496801376343,9.87522029876709,0.001,NaN,NaN,NaN,transformer,embedding,2
131,1320,2.2887685298919678,0.9991496801376343,9.862784385681152,0.001,2.2966675758361816,0.9564293026924133,9.940999984741211,transformer,embedding,2
132,1330,2.2893126010894775,1.1904761791229248,9.868151664733887,0.001,NaN,NaN,NaN,transformer,embedding,2
133,1340,2.2889764308929443,1.0629252195358276,9.864834785461426,0.001,2.296849250793457,0.8714133501052856,9.942805290222168,transformer,embedding,2
134,1350,2.288717746734619,1.1904761791229248,9.862283706665039,0.001,NaN,NaN,NaN,transformer,embedding,2
135,1360,2.2893269062042236,1.2755101919174194,9.868292808532715,0.001,2.295069456100464,0.7651434540748596,9.925125122070312,transformer,embedding,2
136,1370,2.288855791091919,0.9778911471366882,9.863645553588867,0.001,NaN,NaN,NaN,transformer,embedding,2
137,1380,2.2891879081726074,1.0204081535339355,9.866921424865723,0.001,2.2964096069335938,0.7651434540748596,9.938435554504395,transformer,embedding,2
138,1390,2.2881290912628174,1.1054421663284302,9.85647964477539,0.001,NaN,NaN,NaN,transformer,embedding,2
139,1400,2.2883317470550537,1.1904761791229248,9.858477592468262,0.001,2.2967095375061035,0.7226354479789734,9.94141674041748,transformer,embedding,2
140,1410,2.287393808364868,0.8715986013412476,9.849235534667969,0.001,NaN,NaN,NaN,transformer,embedding,2
141,1420,2.2839317321777344,0.956632673740387,9.815195083618164,0.001,2.306758403778076,0.6376195549964905,10.041820526123047,transformer,embedding,2
142,1430,2.283458948135376,1.2967686653137207,9.810556411743164,0.001,NaN,NaN,NaN,transformer,embedding,2
143,1440,2.2822628021240234,1.2542517185211182,9.798828125,0.001,2.309316635131836,0.8714133501052856,10.06754207611084,transformer,embedding,2
144,1450,2.2801852226257324,1.4880952835083008,9.778491020202637,0.001,NaN,NaN,NaN,transformer,embedding,2
145,1460,2.2779040336608887,1.2755101919174194,9.756210327148438,0.001,2.337057590484619,0.8714133501052856,10.350735664367676,transformer,embedding,2
146,1470,2.2833635807037354,1.4030612707138062,9.80962085723877,0.001,NaN,NaN,NaN,transformer,embedding,2
147,1480,2.2805891036987305,1.3818026781082153,9.782441139221191,0.001,2.318424940109253,0.8076514005661011,10.159659385681152,transformer,embedding,2
148,1490,2.279703378677368,1.5518707036972046,9.773780822753906,0.001,NaN,NaN,NaN,transformer,embedding,2
149,1500,2.2810661792755127,1.2967686653137207,9.787109375,0.001,2.307507038116455,0.9776833057403564,10.049341201782227,transformer,embedding,2
150,1510,2.2783477306365967,1.6794217824935913,9.760540008544922,0.001,NaN,NaN,NaN,transformer,embedding,2
151,1520,2.2748358249664307,1.615646243095398,9.726322174072266,0.001,2.313786745071411,0.8926673531532288,10.112646102905273,transformer,embedding,2
152,1530,2.2753353118896484,1.6369047164916992,9.731181144714355,0.001,NaN,NaN,NaN,transformer,embedding,2
153,1540,2.272773265838623,1.65816330909729,9.706281661987305,0.001,NaN,NaN,NaN,transformer,embedding,2
154,1550,2.269392967224121,1.5306122303009033,9.673526763916016,0.001,2.3186697959899902,0.9351752996444702,10.162147521972656,transformer,embedding,2
155,1560,2.2689573764801025,1.4030612707138062,9.66931438446045,0.001,NaN,NaN,NaN,transformer,embedding,2
156,1570,2.2674238681793213,1.7431973218917847,9.654497146606445,0.001,NaN,NaN,NaN,transformer,embedding,2
157,1580,2.2689156532287598,1.5731292963027954,9.66891098022461,0.001,2.3258070945739746,0.9776833057403564,10.23493766784668,transformer,embedding,2
158,1590,2.267575263977051,1.5518707036972046,9.655959129333496,0.001,NaN,NaN,NaN,transformer,embedding,2
159,1600,2.264129638671875,1.8494898080825806,9.622745513916016,0.001,NaN,NaN,NaN,transformer,embedding,2
160,1610,2.2609827518463135,1.8282313346862793,9.592511177062988,0.001,2.3195748329162598,0.9776833057403564,10.171348571777344,transformer,embedding,2
161,1620,2.256723165512085,1.9345238208770752,9.551738739013672,0.001,NaN,NaN,NaN,transformer,embedding,2
162,1630,2.2540273666381836,1.7219387292861938,9.526023864746094,0.001,NaN,NaN,NaN,transformer,embedding,2
163,1640,2.250614881515503,2.062074899673462,9.493571281433105,0.001,2.3374600410461426,1.041445255279541,10.354902267456055,transformer,embedding,2
164,1650,2.251983165740967,1.8069727420806885,9.506569862365723,0.001,NaN,NaN,NaN,transformer,embedding,2
165,1660,2.251129388809204,1.7006802558898926,9.498456954956055,0.001,NaN,NaN,NaN,transformer,embedding,2
166,1670,2.247605085372925,1.9345238208770752,9.465041160583496,0.001,2.317366600036621,0.9564293026924133,10.14891242980957,transformer,embedding,2
167,1680,2.2418532371520996,2.062074899673462,9.410755157470703,0.001,NaN,NaN,NaN,transformer,embedding,2
168,1690,2.238485813140869,1.9557822942733765,9.379118919372559,0.001,NaN,NaN,NaN,transformer,embedding,2
169,1700,2.2395524978637695,1.615646243095398,9.389128684997559,0.001,2.3253469467163086,1.0201913118362427,10.230228424072266,transformer,embedding,2
170,1710,2.2297189235687256,2.232142925262451,9.297252655029297,0.001,NaN,NaN,NaN,transformer,embedding,2
171,1720,2.2213571071624756,2.4659862518310547,9.219834327697754,0.001,NaN,NaN,NaN,transformer,embedding,2
172,1730,2.2099499702453613,2.4022109508514404,9.115260124206543,0.001,2.286762237548828,1.2964930534362793,9.843016624450684,transformer,embedding,2
173,1740,2.2006986141204834,2.6573128700256348,9.031320571899414,0.001,NaN,NaN,NaN,transformer,embedding,2
174,1750,2.1932058334350586,2.6573128700256348,8.963903427124023,0.001,NaN,NaN,NaN,transformer,embedding,2
175,1760,2.1907296180725098,2.3809523582458496,8.941734313964844,0.001,2.268447160720825,1.5727949142456055,9.664381980895996,transformer,embedding,2
176,1770,2.1723575592041016,2.9761905670166016,8.778956413269043,0.001,NaN,NaN,NaN,transformer,embedding,2
177,1780,2.1604621410369873,2.6573128700256348,8.675146102905273,0.001,NaN,NaN,NaN,transformer,embedding,2
178,1790,2.141414165496826,2.6147959232330322,8.511466026306152,0.001,2.2057268619537354,2.10414457321167,9.076847076416016,transformer,embedding,2
179,1800,2.1237146854400635,3.018707513809204,8.362142562866211,0.001,NaN,NaN,NaN,transformer,embedding,2
180,1810,2.1503846645355225,2.9761905670166016,8.58816146850586,0.001,NaN,NaN,NaN,transformer,embedding,2
181,1820,2.1350345611572266,2.806122303009033,8.457338333129883,0.001,2.1800553798675537,2.252922296524048,8.846796035766602,transformer,embedding,2
182,1830,2.0975348949432373,3.146258592605591,8.146063804626465,0.001,NaN,NaN,NaN,transformer,embedding,2
183,1840,2.080730676651001,3.2950680255889893,8.010319709777832,0.001,NaN,NaN,NaN,transformer,embedding,2
184,1850,2.065885066986084,3.8477890491485596,7.892280101776123,0.001,2.1352603435516357,3.0393197536468506,8.459248542785645,transformer,embedding,2
185,1860,2.0456786155700684,3.8477890491485596,7.734405517578125,0.001,NaN,NaN,NaN,transformer,embedding,2
186,1870,2.0419270992279053,4.230442047119141,7.705443859100342,0.001,NaN,NaN,NaN,transformer,embedding,2
187,1880,2.0221288204193115,4.294217586517334,7.554389953613281,0.001,2.089510679244995,3.124335765838623,8.080960273742676,transformer,embedding,2
188,1890,1.992663860321045,4.591836452484131,7.335047245025635,0.001,NaN,NaN,NaN,transformer,embedding,2
189,1900,2.015542507171631,4.379251480102539,7.504797458648682,0.001,NaN,NaN,NaN,transformer,embedding,2
190,1910,2.008223533630371,4.379251480102539,7.450070858001709,0.001,2.0480265617370605,2.996811866760254,7.752586841583252,transformer,embedding,2
191,1920,1.969710350036621,4.846938610076904,7.168599605560303,0.001,NaN,NaN,NaN,transformer,embedding,2
192,1930,1.942718505859375,4.761904716491699,6.977694034576416,0.001,NaN,NaN,NaN,transformer,embedding,2
193,1940,1.902492642402649,5.527210712432861,6.70258092880249,0.001,1.9727380275726318,4.335813045501709,7.19033670425415,transformer,embedding,2
194,1950,1.8750616312026978,6.22874116897583,6.521221160888672,0.001,NaN,NaN,NaN,transformer,embedding,2
195,1960,1.8389521837234497,7.036564350128174,6.289944171905518,0.001,NaN,NaN,NaN,transformer,embedding,2
196,1970,1.8091126680374146,7.0790815353393555,6.105027675628662,0.001,1.9047609567642212,4.782146453857422,6.717801570892334,transformer,embedding,2
197,1980,1.7839850187301636,7.291666507720947,5.953534126281738,0.001,NaN,NaN,NaN,transformer,embedding,2
198,1990,1.7725982666015625,7.738094806671143,5.886127471923828,0.001,NaN,NaN,NaN,transformer,embedding,2
199,2000,1.8355522155761719,6.547618865966797,6.268594741821289,0.001,2.0097262859344482,4.059511184692383,7.46127462387085,transformer,embedding,2
200,2010,1.8694257736206055,5.378401279449463,6.484571933746338,0.001,NaN,NaN,NaN,transformer,embedding,2
202,2030,1.764760136604309,7.865645885467529,5.8401713371276855,0.001,1.8270988464355469,5.908607482910156,6.215827465057373,transformer,embedding,2
204,2050,1.6842490434646606,9.077381134033203,5.388402938842773,0.001,NaN,NaN,NaN,transformer,embedding,2
206,2070,1.6952286958694458,7.631802558898926,5.447891712188721,0.001,1.7695074081420898,6.928799152374268,5.86796236038208,transformer,embedding,2
208,2090,1.6379001140594482,9.630102157592773,5.144355773925781,0.001,NaN,NaN,NaN,transformer,embedding,2
210,2110,1.62816321849823,9.736394882202148,5.094508647918701,0.001,1.7475934028625488,6.078639507293701,5.74077033996582,transformer,embedding,2
212,2130,1.5939055681228638,11.692176818847656,4.922938346862793,0.001,NaN,NaN,NaN,transformer,embedding,2
214,2150,1.5936989784240723,9.970237731933594,4.921921253204346,0.001,1.6705775260925293,8.90541934967041,5.315236568450928,transformer,embedding,2
216,2170,1.5904128551483154,10.65050983428955,4.905774116516113,0.001,NaN,NaN,NaN,transformer,embedding,2
218,2190,1.5787980556488037,11.35204029083252,4.849123954772949,0.001,1.6748523712158203,8.119022369384766,5.338006973266602,transformer,embedding,2
220,2210,1.5400978326797485,11.883502960205078,4.665046691894531,0.001,NaN,NaN,NaN,transformer,embedding,2
222,2230,1.5197914838790894,12.5,4.571271896362305,0.001,1.645688533782959,9.351753234863281,5.1845784187316895,transformer,embedding,2
224,2250,1.493327021598816,13.201530456542969,4.451882362365723,0.001,NaN,NaN,NaN,transformer,embedding,2
226,2270,1.5069983005523682,12.585033416748047,4.513163089752197,0.001,1.658534288406372,8.820404052734375,5.251607894897461,transformer,embedding,2
228,2290,1.5096780061721802,12.521258354187012,4.525273323059082,0.001,NaN,NaN,NaN,transformer,embedding,2
230,2310,1.4645577669143677,14.009353637695312,4.325629711151123,0.001,1.598633885383606,9.798087120056152,4.94627046585083,transformer,embedding,2
232,2330,1.4515787363052368,14.115646362304688,4.269850254058838,0.001,NaN,NaN,NaN,transformer,embedding,2
234,2350,1.449602484703064,13.541666030883789,4.261420249938965,0.001,1.5428649187088013,11.349627494812012,4.67797327041626,transformer,embedding,2
236,2370,1.3925830125808716,16.220237731933594,4.025233745574951,0.001,NaN,NaN,NaN,transformer,embedding,2
238,2390,1.3961029052734375,15.41241455078125,4.039427280426025,0.001,1.5190073251724243,11.795961380004883,4.567688941955566,transformer,embedding,2
240,2410,1.3400286436080933,17.602041244506836,3.81915283203125,0.001,NaN,NaN,NaN,transformer,embedding,2
242,2430,1.3717955350875854,14.392006874084473,3.942423105239868,0.001,1.6929924488067627,4.3995747566223145,5.435722351074219,transformer,embedding,2
244,2450,1.3459794521331787,14.604591369628906,3.8419477939605713,0.001,NaN,NaN,NaN,transformer,embedding,2
246,2470,1.341932773590088,18.622447967529297,3.8264319896698,0.001,1.528572916984558,12.178533554077148,4.61159086227417,transformer,embedding,2
248,2490,1.3376117944717407,17.28316307067871,3.809933662414551,0.001,NaN,NaN,NaN,transformer,embedding,2
250,2510,1.3960691690444946,13.945577621459961,4.039290904998779,0.001,1.5422347784042358,10.860786437988281,4.6750264167785645,transformer,embedding,2
252,2530,1.2844992876052856,20.00425148010254,3.612858533859253,0.001,NaN,NaN,NaN,transformer,embedding,2
254,2550,1.3052096366882324,16.985544204711914,3.688462257385254,0.001,1.4975547790527344,11.434643745422363,4.470743656158447,transformer,embedding,2
256,2570,1.3015820980072021,17.96343421936035,3.6751065254211426,0.001,NaN,NaN,NaN,transformer,embedding,2
258,2590,1.3605035543441772,17.09183692932129,3.898155689239502,0.001,NaN,NaN,NaN,transformer,embedding,2
259,2600,NaN,NaN,NaN,NaN,1.4642709493637085,13.304994583129883,4.324389457702637,transformer,embedding,2
260,2610,1.3119932413101196,18.19727897644043,3.7135684490203857,0.001,NaN,NaN,NaN,transformer,embedding,2
262,2630,1.4009625911712646,14.944727897644043,4.059105396270752,0.001,NaN,NaN,NaN,transformer,embedding,2
264,2650,1.2810943126678467,19.23894500732422,3.6005778312683105,0.001,1.433708667755127,14.388947486877441,4.194225311279297,transformer,embedding,2
266,2670,1.300378680229187,19.494047164916992,3.6706864833831787,0.001,NaN,NaN,NaN,transformer,embedding,2
268,2690,1.3135477304458618,15.922618865966797,3.7193455696105957,0.001,NaN,NaN,NaN,transformer,embedding,2
269,2700,NaN,NaN,NaN,NaN,1.4850319623947144,9.798087120056152,4.415106296539307,transformer,embedding,2
270,2710,1.278106927871704,18.728740692138672,3.5898375511169434,0.001,NaN,NaN,NaN,transformer,embedding,2
272,2730,1.2731884717941284,18.835033416748047,3.5722243785858154,0.001,NaN,NaN,NaN,transformer,embedding,2
274,2750,1.2392767667770386,20.110544204711914,3.453115224838257,0.001,1.384152889251709,14.792773246765137,3.991443157196045,transformer,embedding,2
276,2770,1.2134782075881958,21.577381134033203,3.365169048309326,0.001,NaN,NaN,NaN,transformer,embedding,2
278,2790,1.1900304555892944,22.470237731933594,3.2871813774108887,0.001,NaN,NaN,NaN,transformer,embedding,2
279,2800,NaN,NaN,NaN,NaN,1.3568204641342163,15.345376968383789,3.8838248252868652,transformer,embedding,2
280,2810,1.165022373199463,22.193878173828125,3.2059946060180664,0.001,NaN,NaN,NaN,transformer,embedding,2
282,2830,1.2166528701782227,19.387754440307617,3.3758692741394043,0.001,NaN,NaN,NaN,transformer,embedding,2
284,2850,1.1138633489608765,25.68027114868164,3.0461039543151855,0.001,1.3527911901474,15.217852592468262,3.8682074546813965,transformer,embedding,2
286,2870,1.1244425773620605,23.745746612548828,3.078500270843506,0.001,NaN,NaN,NaN,transformer,embedding,2
288,2890,1.1596951484680176,20.13180160522461,3.1889610290527344,0.001,NaN,NaN,NaN,transformer,embedding,2
289,2900,NaN,NaN,NaN,NaN,1.4500054121017456,7.290116786956787,4.263137340545654,transformer,embedding,2
290,2910,1.216590404510498,17.814624786376953,3.3756585121154785,0.001,NaN,NaN,NaN,transformer,embedding,2
292,2930,1.2891932725906372,18.239795684814453,3.629857063293457,0.001,NaN,NaN,NaN,transformer,embedding,2
294,2950,1.1743674278259277,23.299318313598633,3.2360951900482178,0.001,1.3917382955551147,14.516471862792969,4.0218353271484375,transformer,embedding,2
296,2970,1.1817466020584106,21.619897842407227,3.2600631713867188,0.001,NaN,NaN,NaN,transformer,embedding,2
298,2990,1.1029210090637207,26.084182739257812,3.012953996658325,0.001,NaN,NaN,NaN,transformer,embedding,2
299,3000,NaN,NaN,NaN,NaN,1.248719573020935,19.29861831665039,3.4858767986297607,transformer,embedding,2
300,3010,1.0449182987213135,29.315475463867188,2.8431661128997803,0.001,NaN,NaN,NaN,transformer,embedding,2
303,3040,1.1131196022033691,22.55527114868164,3.0438392162323,0.001,NaN,NaN,NaN,transformer,embedding,2
304,3050,NaN,NaN,NaN,NaN,1.2505311965942383,16.663124084472656,3.4921975135803223,transformer,embedding,2
306,3070,1.0826129913330078,23.59693717956543,2.9523839950561523,0.001,NaN,NaN,NaN,transformer,embedding,2
309,3100,1.032868504524231,28.5501708984375,2.809112310409546,0.001,NaN,NaN,NaN,transformer,embedding,2
310,3110,NaN,NaN,NaN,NaN,1.2671089172363281,17.279489517211914,3.550572633743286,transformer,embedding,2
312,3130,1.015093207359314,27.232141494750977,2.7596206665039062,0.001,NaN,NaN,NaN,transformer,embedding,2
315,3160,0.9841043949127197,29.060373306274414,2.675414800643921,0.001,NaN,NaN,NaN,transformer,embedding,2
316,3170,NaN,NaN,NaN,NaN,1.2797486782073975,16.87566375732422,3.595736026763916,transformer,embedding,2
318,3190,1.1283414363861084,22.21513557434082,3.0905263423919678,0.001,NaN,NaN,NaN,transformer,embedding,2
321,3220,1.0098923444747925,30.102039337158203,2.7453055381774902,0.001,NaN,NaN,NaN,transformer,embedding,2
322,3230,NaN,NaN,NaN,NaN,1.2591838836669922,18.61849021911621,3.522545576095581,transformer,embedding,2
324,3250,1.019036889076233,29.57057762145996,2.7705252170562744,0.001,NaN,NaN,NaN,transformer,embedding,2
327,3280,1.037476658821106,27.42346954345703,2.822087049484253,0.001,NaN,NaN,NaN,transformer,embedding,2
328,3290,NaN,NaN,NaN,NaN,1.3682842254638672,12.369818687438965,3.9286043643951416,transformer,embedding,2
330,3310,0.9945775270462036,28.74149513244629,2.7035818099975586,0.001,NaN,NaN,NaN,transformer,embedding,2
333,3340,0.952410876750946,30.846088409423828,2.5919508934020996,0.001,NaN,NaN,NaN,transformer,embedding,2
334,3350,NaN,NaN,NaN,NaN,1.2388553619384766,15.79171085357666,3.451660394668579,transformer,embedding,2
336,3370,1.0196455717086792,26.403060913085938,2.772212028503418,0.001,NaN,NaN,NaN,transformer,embedding,2
339,3400,0.9065749645233154,34.0773811340332,2.475828170776367,0.001,NaN,NaN,NaN,transformer,embedding,2
340,3410,NaN,NaN,NaN,NaN,1.1673734188079834,19.17109489440918,3.213541030883789,transformer,embedding,2
342,3430,0.9434812068939209,29.336734771728516,2.56890869140625,0.001,NaN,NaN,NaN,transformer,embedding,2
345,3460,0.9218697547912598,31.71768569946289,2.513986587524414,0.001,NaN,NaN,NaN,transformer,embedding,2
346,3470,NaN,NaN,NaN,NaN,1.143517255783081,21.65781021118164,3.1377854347229004,transformer,embedding,2
348,3490,0.9994850158691406,28.06122398376465,2.7168822288513184,0.001,NaN,NaN,NaN,transformer,embedding,2
351,3520,0.9438260197639465,30.8248291015625,2.5697946548461914,0.001,NaN,NaN,NaN,transformer,embedding,2
352,3530,NaN,NaN,NaN,NaN,1.1404001712799072,18.490966796875,3.1280198097229004,transformer,embedding,2
354,3550,0.8655700087547302,36.45833206176758,2.3763601779937744,0.001,NaN,NaN,NaN,transformer,embedding,2
357,3580,0.9281991720199585,32.14285659790039,2.5299489498138428,0.001,NaN,NaN,NaN,transformer,embedding,2
359,3600,NaN,NaN,NaN,NaN,1.1146403551101685,21.232730865478516,3.048471689224243,transformer,embedding,2
360,3610,0.9086166620254517,32.16411590576172,2.4808883666992188,0.001,NaN,NaN,NaN,transformer,embedding,2
363,3640,0.9367520809173584,30.782312393188477,2.551680326461792,0.001,NaN,NaN,NaN,transformer,embedding,2
366,3670,0.8561893701553345,34.46003341674805,2.354172706604004,0.001,1.0916045904159546,21.827842712402344,2.979050397872925,transformer,embedding,2
369,3700,1.0906981229782104,25.27635955810547,2.976351261138916,0.001,NaN,NaN,NaN,transformer,embedding,2
372,3730,0.9050710797309875,32.35544204711914,2.4721076488494873,0.001,NaN,NaN,NaN,transformer,embedding,2
373,3740,NaN,NaN,NaN,NaN,1.071082592010498,23.93198585510254,2.9185373783111572,transformer,embedding,2
375,3760,0.8189810514450073,37.457481384277344,2.2681875228881836,0.001,NaN,NaN,NaN,transformer,embedding,2
378,3790,0.8920086622238159,33.97108840942383,2.440025806427002,0.001,NaN,NaN,NaN,transformer,embedding,2
380,3810,NaN,NaN,NaN,NaN,1.0427318811416626,23.86822509765625,2.836956739425659,transformer,embedding,2
381,3820,0.8009073138237,39.75339889526367,2.2275609970092773,0.001,NaN,NaN,NaN,transformer,embedding,2
384,3850,0.8098625540733337,36.79846954345703,2.2475991249084473,0.001,NaN,NaN,NaN,transformer,embedding,2
387,3880,0.8297446370124817,35.75680160522461,2.2927331924438477,0.001,1.2005726099014282,14.346439361572266,3.322018623352051,transformer,embedding,2
390,3910,0.8925409317016602,33.12074661254883,2.4413249492645264,0.001,NaN,NaN,NaN,transformer,embedding,2
393,3940,1.1071887016296387,24.0008487701416,3.0258398056030273,0.001,NaN,NaN,NaN,transformer,embedding,2
394,3950,NaN,NaN,NaN,NaN,1.184516191482544,18.023378372192383,3.2691047191619873,transformer,embedding,2
396,3970,0.8691124320030212,34.41751480102539,2.384793281555176,0.001,NaN,NaN,NaN,transformer,embedding,2
399,4000,0.7977234125137329,38.83928680419922,2.220479965209961,0.001,NaN,NaN,NaN,transformer,embedding,2
401,4020,NaN,NaN,NaN,NaN,1.1043084859848022,19.872474670410156,3.017137289047241,transformer,embedding,2
402,4030,0.8661393523216248,33.97108840942383,2.377713680267334,0.001,NaN,NaN,NaN,transformer,embedding,2
406,4070,0.7325431108474731,42.66581726074219,2.080364465713501,0.001,NaN,NaN,NaN,transformer,embedding,2
409,4100,NaN,NaN,NaN,NaN,1.0524375438690186,21.190221786499023,2.8646252155303955,transformer,embedding,2
410,4110,0.7359548807144165,41.73044204711914,2.0874743461608887,0.001,NaN,NaN,NaN,transformer,embedding,2
414,4150,0.7279124855995178,42.21938705444336,2.070753335952759,0.001,NaN,NaN,NaN,transformer,embedding,2
417,4180,NaN,NaN,NaN,NaN,1.0120041370391846,26.2274169921875,2.7511091232299805,transformer,embedding,2
418,4190,0.7370933294296265,44.0476188659668,2.0898520946502686,0.001,NaN,NaN,NaN,transformer,embedding,2
422,4230,0.7872200608253479,39.11564636230469,2.197279691696167,0.001,NaN,NaN,NaN,transformer,embedding,2
425,4260,NaN,NaN,NaN,NaN,1.1472370624542236,19.574920654296875,3.1494791507720947,transformer,embedding,2
426,4270,0.9569736123085022,30.208332061767578,2.603804349899292,0.001,NaN,NaN,NaN,transformer,embedding,2
430,4310,0.958914041519165,28.95408058166504,2.6088619232177734,0.001,NaN,NaN,NaN,transformer,embedding,2
433,4340,NaN,NaN,NaN,NaN,0.9405052661895752,27.991497039794922,2.5612752437591553,transformer,embedding,2
434,4350,0.7511734962463379,43.81377410888672,2.119485855102539,0.001,NaN,NaN,NaN,transformer,embedding,2
438,4390,0.8028091192245483,37.71258544921875,2.2318015098571777,0.001,NaN,NaN,NaN,transformer,embedding,2
441,4420,NaN,NaN,NaN,NaN,0.9988508820533752,25.781084060668945,2.7151598930358887,transformer,embedding,2
442,4430,0.7478300929069519,43.686222076416016,2.1124112606048584,0.001,NaN,NaN,NaN,transformer,embedding,2
446,4470,0.773967444896698,39.75340270996094,2.1683521270751953,0.001,NaN,NaN,NaN,transformer,embedding,2
449,4500,NaN,NaN,NaN,NaN,1.0196788311004639,23.16684341430664,2.7723042964935303,transformer,embedding,2
450,4510,0.7084717750549316,44.85544204711914,2.0308852195739746,0.001,NaN,NaN,NaN,transformer,embedding,2
454,4550,0.6739920377731323,47.06632614135742,1.9620542526245117,0.001,NaN,NaN,NaN,transformer,embedding,2
457,4580,NaN,NaN,NaN,NaN,0.9374379515647888,26.18490982055664,2.5534310340881348,transformer,embedding,2
458,4590,0.7028315663337708,43.53741455078125,2.019462823867798,0.001,NaN,NaN,NaN,transformer,embedding,2
462,4630,0.6804144382476807,45.493194580078125,1.9746959209442139,0.001,NaN,NaN,NaN,transformer,embedding,2
466,4670,0.7679943442344666,38.64795684814453,2.1554388999938965,0.001,1.00751531124115,21.78533363342285,2.7387874126434326,transformer,embedding,2
470,4710,0.6128350496292114,51.31802749633789,1.8456565141677856,0.001,NaN,NaN,NaN,transformer,embedding,2
474,4750,0.8216053247451782,36.56462478637695,2.2741477489471436,0.001,NaN,NaN,NaN,transformer,embedding,2
475,4760,NaN,NaN,NaN,NaN,0.9563242197036743,26.588735580444336,2.602113962173462,transformer,embedding,2
478,4790,0.6117917895317078,50.21258544921875,1.8437319993972778,0.001,NaN,NaN,NaN,transformer,embedding,2
482,4830,0.6723891496658325,45.642005920410156,1.9589118957519531,0.001,NaN,NaN,NaN,transformer,embedding,2
484,4850,NaN,NaN,NaN,NaN,0.8585796356201172,32.34856414794922,2.359806537628174,transformer,embedding,2
486,4870,0.5911417603492737,52.657310485839844,1.8060493469238281,0.001,NaN,NaN,NaN,transformer,embedding,2
490,4910,0.5786269903182983,52.42346954345703,1.7835878133773804,0.001,NaN,NaN,NaN,transformer,embedding,2
493,4940,NaN,NaN,NaN,NaN,0.9124825596809387,29.628053665161133,2.490497589111328,transformer,embedding,2
494,4950,0.6319577693939209,49.043365478515625,1.881290078163147,0.001,NaN,NaN,NaN,transformer,embedding,2
498,4990,0.5496050119400024,56.07992935180664,1.7325685024261475,0.001,NaN,NaN,NaN,transformer,embedding,2
502,5030,0.5670290589332581,53.16751480102539,1.763021469116211,0.001,0.9580184817314148,26.546226501464844,2.6065263748168945,transformer,embedding,2
507,5080,0.5999528765678406,48.93707275390625,1.8220329284667969,0.001,NaN,NaN,NaN,transformer,embedding,2
512,5130,0.8243299722671509,36.37329864501953,2.2803523540496826,0.001,0.9665070176124573,23.613176345825195,2.628746271133423,transformer,embedding,2
517,5180,0.5444011688232422,58.01445388793945,1.7235759496688843,0.001,NaN,NaN,NaN,transformer,embedding,2
522,5230,0.5522946119308472,54.95322799682617,1.7372347116470337,0.001,0.7397823333740234,40.0,2.0954792499542236,transformer,embedding,2
527,5280,0.5390939116477966,55.1020393371582,1.7144527435302734,0.001,NaN,NaN,NaN,transformer,embedding,2
532,5330,0.6254737973213196,48.44812774658203,1.869131326675415,0.001,0.8176718354225159,35.345375061035156,2.2652199268341064,transformer,embedding,2
537,5380,0.5781354904174805,54.78316116333008,1.7827115058898926,0.001,NaN,NaN,NaN,transformer,embedding,2
542,5430,0.4981793463230133,59.948978424072266,1.6457222700119019,0.001,0.7242547273635864,41.63655471801758,2.063192844390869,transformer,embedding,2
547,5480,0.5529219508171082,52.95492935180664,1.7383248805999756,0.001,NaN,NaN,NaN,transformer,embedding,2
552,5530,0.46155476570129395,64.0943832397461,1.5865387916564941,0.001,0.7042908072471619,45.292240142822266,2.022411823272705,transformer,embedding,2
557,5580,0.425187885761261,68.23979187011719,1.529877781867981,0.001,NaN,NaN,NaN,transformer,embedding,2
562,5630,0.5271599292755127,56.27125549316406,1.694114089012146,0.001,NaN,NaN,NaN,transformer,embedding,2
563,5640,NaN,NaN,NaN,NaN,0.8183566331863403,36.004249572753906,2.2667715549468994,transformer,embedding,2
567,5680,0.40725603699684143,69.21768951416016,1.5026887655258179,0.001,NaN,NaN,NaN,transformer,embedding,2
572,5730,0.47413578629493713,60.5016975402832,1.6066250801086426,0.001,NaN,NaN,NaN,transformer,embedding,2
574,5750,NaN,NaN,NaN,NaN,0.78204345703125,38.34218978881836,2.185934543609619,transformer,embedding,2
577,5780,0.521146833896637,56.25,1.683957815170288,0.001,NaN,NaN,NaN,transformer,embedding,2
582,5830,0.4702788293361664,60.841835021972656,1.6004403829574585,0.001,NaN,NaN,NaN,transformer,embedding,2
585,5860,NaN,NaN,NaN,NaN,0.8436906933784485,33.623802185058594,2.3249318599700928,transformer,embedding,2
587,5880,0.5154144763946533,57.69557571411133,1.6743323802947998,0.001,NaN,NaN,NaN,transformer,embedding,2
592,5930,0.42954155802726746,67.19812774658203,1.536552906036377,0.001,NaN,NaN,NaN,transformer,embedding,2
596,5970,NaN,NaN,NaN,NaN,0.6944499611854553,45.334747314453125,2.0026073455810547,transformer,embedding,2
597,5980,0.40258467197418213,69.68537139892578,1.4956855773925781,0.001,NaN,NaN,NaN,transformer,embedding,2
602,6030,0.431519478559494,65.15731048583984,1.539595127105713,0.001,NaN,NaN,NaN,transformer,embedding,2
607,6080,NaN,NaN,NaN,NaN,0.9923919439315796,25.143463134765625,2.6976795196533203,transformer,embedding,2
608,6090,0.5480673909187317,54.01785659790039,1.7299065589904785,0.001,NaN,NaN,NaN,transformer,embedding,2
614,6150,0.39839065074920654,71.024658203125,1.489425778388977,0.001,NaN,NaN,NaN,transformer,embedding,2
619,6200,NaN,NaN,NaN,NaN,0.7371646761894226,43.740699768066406,2.090001344680786,transformer,embedding,2
620,6210,0.37509629130363464,71.32228088378906,1.4551315307617188,0.001,NaN,NaN,NaN,transformer,embedding,2
626,6270,0.41312217712402344,66.85799407958984,1.5115296840667725,0.001,NaN,NaN,NaN,transformer,embedding,2
631,6320,NaN,NaN,NaN,NaN,0.8511712551116943,36.13177490234375,2.342388868331909,transformer,embedding,2
632,6330,0.47635751962661743,59.65135955810547,1.6101986169815063,0.001,NaN,NaN,NaN,transformer,embedding,2
638,6390,0.32197684049606323,77.9549331665039,1.3798527717590332,0.001,NaN,NaN,NaN,transformer,embedding,2
643,6440,NaN,NaN,NaN,NaN,0.809424638748169,40.23379135131836,2.246614933013916,transformer,embedding,2
644,6450,0.41714775562286377,65.625,1.5176267623901367,0.001,NaN,NaN,NaN,transformer,embedding,2
650,6510,0.3819099962711334,69.38775634765625,1.4650802612304688,0.001,NaN,NaN,NaN,transformer,embedding,2
655,6560,NaN,NaN,NaN,NaN,0.7383686304092407,46.567481994628906,2.0925190448760986,transformer,embedding,2
656,6570,0.3627628982067108,71.6198959350586,1.4372950792312622,0.001,NaN,NaN,NaN,transformer,embedding,2
662,6630,0.37596508860588074,71.59864044189453,1.4563963413238525,0.001,NaN,NaN,NaN,transformer,embedding,2
668,6690,0.35231465101242065,72.64030456542969,1.4223560094833374,0.001,0.7369120121002197,45.97237014770508,2.089473247528076,transformer,embedding,2
674,6750,0.3375120460987091,74.02210998535156,1.4014564752578735,0.001,NaN,NaN,NaN,transformer,embedding,2
680,6810,0.5093302130699158,57.97193908691406,1.6641762256622314,0.001,NaN,NaN,NaN,transformer,embedding,2
681,6820,NaN,NaN,NaN,NaN,0.7792515754699707,43.18809509277344,2.179840087890625,transformer,embedding,2
686,6870,0.30232444405555725,77.25340270996094,1.3530001640319824,0.001,NaN,NaN,NaN,transformer,embedding,2
692,6930,0.3002564311027527,77.74234771728516,1.3502049446105957,0.001,NaN,NaN,NaN,transformer,embedding,2
694,6950,NaN,NaN,NaN,NaN,0.8037935495376587,43.46439743041992,2.233999729156494,transformer,embedding,2
698,6990,0.3631846606731415,69.91921997070312,1.4379013776779175,0.001,NaN,NaN,NaN,transformer,embedding,2
704,7050,0.30707186460494995,76.80696868896484,1.3594386577606201,0.001,NaN,NaN,NaN,transformer,embedding,2
707,7080,NaN,NaN,NaN,NaN,0.7257676124572754,50.712005615234375,2.066316604614258,transformer,embedding,2
711,7120,0.42789459228515625,65.53996276855469,1.5340243577957153,0.001,NaN,NaN,NaN,transformer,embedding,2
718,7190,0.3398931920528412,74.10713958740234,1.4047975540161133,0.001,NaN,NaN,NaN,transformer,embedding,2
721,7220,NaN,NaN,NaN,NaN,0.7009373307228088,50.28692626953125,2.015641212463379,transformer,embedding,2
725,7260,0.23247279226779938,86.2244873046875,1.2617161273956299,0.001,NaN,NaN,NaN,transformer,embedding,2
732,7330,0.3221847414970398,75.48894500732422,1.380139708518982,0.001,NaN,NaN,NaN,transformer,embedding,2
735,7360,NaN,NaN,NaN,NaN,0.6748114228248596,56.15302658081055,1.9636626243591309,transformer,embedding,2
739,7400,0.2824958264827728,79.84693908691406,1.3264362812042236,0.001,NaN,NaN,NaN,transformer,embedding,2
746,7470,0.3493726849555969,71.53486633300781,1.418177604675293,0.001,NaN,NaN,NaN,transformer,embedding,2
749,7500,NaN,NaN,NaN,NaN,1.028446912765503,36.32305908203125,2.7967188358306885,transformer,embedding,2
753,7540,0.2711782157421112,79.61309051513672,1.3115087747573853,0.001,NaN,NaN,NaN,transformer,embedding,2
760,7610,0.3840368986129761,70.64200592041016,1.468199610710144,0.001,NaN,NaN,NaN,transformer,embedding,2
763,7640,NaN,NaN,NaN,NaN,0.8060478568077087,48.18278121948242,2.239041566848755,transformer,embedding,2
767,7680,0.301174521446228,77.18962097167969,1.351445198059082,0.001,NaN,NaN,NaN,transformer,embedding,2
774,7750,0.30470946431159973,75.97789001464844,1.3562308549880981,0.001,NaN,NaN,NaN,transformer,embedding,2
778,7790,NaN,NaN,NaN,NaN,0.758512556552887,55.345375061035156,2.1350979804992676,transformer,embedding,2
781,7820,0.2504427134990692,82.14286041259766,1.2845940589904785,0.001,NaN,NaN,NaN,transformer,embedding,2
788,7890,0.2717262804508209,79.69812774658203,1.312227725982666,0.001,NaN,NaN,NaN,transformer,embedding,2
793,7940,NaN,NaN,NaN,NaN,0.8101264834403992,52.39107131958008,2.248192310333252,transformer,embedding,2
795,7960,0.2589985728263855,80.50595092773438,1.295632004737854,0.001,NaN,NaN,NaN,transformer,embedding,2
802,8030,0.20645566284656525,85.45918273925781,1.2293132543563843,0.001,NaN,NaN,NaN,transformer,embedding,2
808,8090,NaN,NaN,NaN,NaN,0.9013332724571228,47.52391052246094,2.4628846645355225,transformer,embedding,2
810,8110,0.2472878247499466,81.14370727539062,1.2805476188659668,0.001,NaN,NaN,NaN,transformer,embedding,2
818,8190,0.41433605551719666,69.21768951416016,1.513365626335144,0.001,NaN,NaN,NaN,transformer,embedding,2
824,8250,NaN,NaN,NaN,NaN,0.9883098006248474,43.783206939697266,2.686689615249634,transformer,embedding,2
826,8270,1.3780686855316162,39.455780029296875,3.9672322273254395,0.001,NaN,NaN,NaN,transformer,embedding,2
834,8350,0.6288319230079651,55.399658203125,1.8754186630249023,0.001,NaN,NaN,NaN,transformer,embedding,2
840,8410,NaN,NaN,NaN,NaN,1.0410611629486084,32.2848014831543,2.8322207927703857,transformer,embedding,2
842,8430,0.49000388383865356,67.19812774658203,1.6323225498199463,0.001,NaN,NaN,NaN,transformer,embedding,2
850,8510,0.2811118960380554,80.86734771728516,1.3246017694473267,0.001,NaN,NaN,NaN,transformer,embedding,2
856,8570,NaN,NaN,NaN,NaN,0.9822344779968262,43.82571792602539,2.6704165935516357,transformer,embedding,2
858,8590,0.34988659620285034,74.02210998535156,1.4189066886901855,0.001,NaN,NaN,NaN,transformer,embedding,2
866,8670,1.3005309104919434,42.41071319580078,3.6712453365325928,0.001,NaN,NaN,NaN,transformer,embedding,2
873,8740,NaN,NaN,NaN,NaN,0.8909345865249634,42.699256896972656,2.437406539916992,transformer,embedding,2
874,8750,0.354206919670105,76.08418273925781,1.4250500202178955,0.001,NaN,NaN,NaN,transformer,embedding,2
882,8830,0.849467396736145,48.8520393371582,2.3384010791778564,0.001,NaN,NaN,NaN,transformer,embedding,2
890,8910,0.4279220700263977,69.23894500732422,1.5340665578842163,0.001,1.0892643928527832,38.93730163574219,2.9720869064331055,transformer,embedding,2
898,8990,1.0237773656845093,50.34013366699219,2.7836899757385254,0.001,NaN,NaN,NaN,transformer,embedding,2
906,9070,0.3280569314956665,77.93367004394531,1.388267993927002,0.001,NaN,NaN,NaN,transformer,embedding,2
907,9080,NaN,NaN,NaN,NaN,0.8938668370246887,49.2667350769043,2.4445641040802,transformer,embedding,2
915,9160,0.20909065008163452,85.99064636230469,1.232556700706482,0.001,NaN,NaN,NaN,transformer,embedding,2
924,9250,0.21405011415481567,85.92687225341797,1.2386847734451294,0.001,NaN,NaN,NaN,transformer,embedding,2
925,9260,NaN,NaN,NaN,NaN,0.945960521697998,49.64930725097656,2.5752859115600586,transformer,embedding,2
933,9340,0.4357638657093048,71.57737731933594,1.546143651008606,0.001,NaN,NaN,NaN,transformer,embedding,2
942,9430,0.22783659398555756,85.09778594970703,1.2558801174163818,0.001,NaN,NaN,NaN,transformer,embedding,2
943,9440,NaN,NaN,NaN,NaN,1.0396791696548462,47.16259002685547,2.8283095359802246,transformer,embedding,2
951,9520,0.3662838041782379,77.1045913696289,1.4423645734786987,0.001,NaN,NaN,NaN,transformer,embedding,2
960,9610,0.20208431780338287,86.35203552246094,1.2239512205123901,0.001,NaN,NaN,NaN,transformer,embedding,2
961,9620,NaN,NaN,NaN,NaN,1.0258760452270508,51.328372955322266,2.7895381450653076,transformer,embedding,2
969,9700,0.34364694356918335,76.12670135498047,1.4100806713104248,0.001,NaN,NaN,NaN,transformer,embedding,2
978,9790,0.16696776449680328,89.37074279785156,1.1817162036895752,0.001,NaN,NaN,NaN,transformer,embedding,2
980,9810,NaN,NaN,NaN,NaN,1.0676050186157227,49.160465240478516,2.9084055423736572,transformer,embedding,2
987,9880,0.27058109641075134,81.44132232666016,1.3107259273529053,0.001,NaN,NaN,NaN,transformer,embedding,2
996,9970,0.32833293080329895,77.42346954345703,1.3886512517929077,0.001,NaN,NaN,NaN,transformer,embedding,2
999,10000,NaN,NaN,NaN,NaN,1.2162669897079468,47.09883117675781,3.3745667934417725,transformer,embedding,2
1005,10060,0.12188509106636047,92.96343231201172,1.1296242475509644,0.001,NaN,NaN,NaN,transformer,embedding,2
1015,10160,0.33387985825538635,77.63605499267578,1.3963754177093506,0.001,NaN,NaN,NaN,transformer,embedding,2
1018,10190,NaN,NaN,NaN,NaN,1.1380345821380615,50.09564208984375,3.120629072189331,transformer,embedding,2
1025,10260,0.19641773402690887,85.90560913085938,1.217035174369812,0.001,NaN,NaN,NaN,transformer,embedding,2
1035,10360,0.07789335399866104,95.98213958740234,1.0810073614120483,0.001,NaN,NaN,NaN,transformer,embedding,2
1038,10390,NaN,NaN,NaN,NaN,1.1860883235931396,52.454833984375,3.2742483615875244,transformer,embedding,2
1045,10460,0.4104917645454407,75.63775634765625,1.5075589418411255,0.001,NaN,NaN,NaN,transformer,embedding,2
1055,10560,0.2103213667869568,86.2457504272461,1.234074592590332,0.001,NaN,NaN,NaN,transformer,embedding,2
1058,10590,NaN,NaN,NaN,NaN,1.0513933897018433,56.854408264160156,2.861635684967041,transformer,embedding,2
1065,10660,0.12734556198120117,92.09183502197266,1.1358094215393066,0.001,NaN,NaN,NaN,transformer,embedding,2
1075,10760,0.07629691064357758,96.38605499267578,1.0792829990386963,0.001,NaN,NaN,NaN,transformer,embedding,2
1079,10800,NaN,NaN,NaN,NaN,1.0510296821594238,58.257171630859375,2.860595226287842,transformer,embedding,2
1085,10860,0.1997927576303482,86.52210998535156,1.2211496829986572,0.001,NaN,NaN,NaN,transformer,embedding,2
1095,10960,0.14303338527679443,91.00765228271484,1.1537683010101318,0.001,NaN,NaN,NaN,transformer,embedding,2
1100,11010,NaN,NaN,NaN,NaN,1.2098548412322998,53.11370849609375,3.3529980182647705,transformer,embedding,2
1105,11060,1.0960348844528198,52.274658203125,2.9922778606414795,0.001,NaN,NaN,NaN,transformer,embedding,2
1116,11170,0.15446896851062775,90.41241455078125,1.167038083076477,0.001,NaN,NaN,NaN,transformer,embedding,2
1121,11220,NaN,NaN,NaN,NaN,1.1271259784698486,54.81402587890625,3.0867722034454346,transformer,embedding,2
1127,11280,0.10794852674007416,93.72874450683594,1.1139904260635376,0.001,NaN,NaN,NaN,transformer,embedding,2
1138,11390,0.4907199442386627,71.64115142822266,1.63349187374115,0.001,NaN,NaN,NaN,transformer,embedding,2
1143,11440,NaN,NaN,NaN,NaN,1.19740629196167,50.329437255859375,3.311516761779785,transformer,embedding,2
1149,11500,0.06202409416437149,97.51275634765625,1.0639879703521729,0.001,NaN,NaN,NaN,transformer,embedding,2
1160,11610,0.0962272435426712,94.3452377319336,1.1010092496871948,0.001,NaN,NaN,NaN,transformer,embedding,2
1165,11660,NaN,NaN,NaN,NaN,1.3394769430160522,52.178531646728516,3.8170464038848877,transformer,embedding,2
1171,11720,0.15760177373886108,90.22108459472656,1.170699954032898,0.001,NaN,NaN,NaN,transformer,embedding,2
1182,11830,0.08769769966602325,95.40816497802734,1.091658115386963,0.001,NaN,NaN,NaN,transformer,embedding,2
1188,11890,NaN,NaN,NaN,NaN,1.0882351398468018,60.08501434326172,2.969029426574707,transformer,embedding,2
1193,11940,0.03948162868618965,98.38435363769531,1.0402714014053345,0.001,NaN,NaN,NaN,transformer,embedding,2
1204,12050,0.12605243921279907,92.53826141357422,1.1343415975570679,0.001,NaN,NaN,NaN,transformer,embedding,2
1211,12120,NaN,NaN,NaN,NaN,1.1575332880020142,58.108394622802734,3.1820743083953857,transformer,embedding,2
1216,12170,0.2077227234840393,87.52125549316406,1.2308717966079712,0.001,NaN,NaN,NaN,transformer,embedding,2
1228,12290,0.06611574441194534,96.34353637695312,1.0683503150939941,0.001,NaN,NaN,NaN,transformer,embedding,2
1235,12360,NaN,NaN,NaN,NaN,1.2200595140457153,56.663124084472656,3.3873894214630127,transformer,embedding,2
1240,12410,0.147908553481102,90.98639678955078,1.1594069004058838,0.001,NaN,NaN,NaN,transformer,embedding,2
1252,12530,0.07957432419061661,95.70578002929688,1.082826018333435,0.001,NaN,NaN,NaN,transformer,embedding,2
1259,12600,NaN,NaN,NaN,NaN,1.198073387145996,53.26248550415039,3.3137264251708984,transformer,embedding,2
1264,12650,0.1135113537311554,94.323974609375,1.1202045679092407,0.001,NaN,NaN,NaN,transformer,embedding,2
1276,12770,0.14583179354667664,94.45153045654297,1.1570016145706177,0.001,NaN,NaN,NaN,transformer,embedding,2
1284,12850,NaN,NaN,NaN,NaN,1.79214346408844,38.38469696044922,6.002304553985596,transformer,embedding,2
1288,12890,0.11010657995939255,93.98384094238281,1.1163970232009888,0.001,NaN,NaN,NaN,transformer,embedding,2
1300,13010,0.5252113938331604,72.00254821777344,1.6908162832260132,0.001,NaN,NaN,NaN,transformer,embedding,2
1309,13100,NaN,NaN,NaN,NaN,1.1822136640548706,55.239105224609375,3.2615861892700195,transformer,embedding,2
1313,13140,0.21085225045681,86.77720642089844,1.2347298860549927,0.001,NaN,NaN,NaN,transformer,embedding,2
1326,13270,0.23505188524723053,85.09778594970703,1.2649743556976318,0.001,NaN,NaN,NaN,transformer,embedding,2
1335,13360,NaN,NaN,NaN,NaN,1.2558746337890625,56.98193359375,3.5109078884124756,transformer,embedding,2
1339,13400,0.07465580850839615,95.83332824707031,1.0775132179260254,0.001,NaN,NaN,NaN,transformer,embedding,2
1352,13530,0.09944692254066467,93.81377410888672,1.1045598983764648,0.001,NaN,NaN,NaN,transformer,embedding,2
1361,13620,NaN,NaN,NaN,NaN,1.2832157611846924,54.899044036865234,3.608224391937256,transformer,embedding,2
1365,13660,0.13066676259040833,91.41156005859375,1.1395879983901978,0.001,NaN,NaN,NaN,transformer,embedding,2
1378,13790,0.29293912649154663,82.22789001464844,1.34036123752594,0.001,NaN,NaN,NaN,transformer,embedding,2
1388,13890,NaN,NaN,NaN,NaN,1.2700953483581543,59.681190490722656,3.561192035675049,transformer,embedding,2
1391,13920,0.078275665640831,95.30187225341797,1.0814207792282104,0.001,NaN,NaN,NaN,transformer,embedding,2
1404,14050,0.04412731155753136,98.29931640625,1.045115351676941,0.001,NaN,NaN,NaN,transformer,embedding,2
1415,14160,NaN,NaN,NaN,NaN,1.4188494682312012,52.36981964111328,4.132363319396973,transformer,embedding,2
1418,14190,0.13167713582515717,92.19812774658203,1.140739917755127,0.001,NaN,NaN,NaN,transformer,embedding,2
1432,14330,0.056496262550354004,97.00254821777344,1.0581226348876953,0.001,NaN,NaN,NaN,transformer,embedding,2
1443,14440,NaN,NaN,NaN,NaN,1.3271628618240356,57.407012939453125,3.7703311443328857,transformer,embedding,2
1446,14470,0.14059461653232574,91.24149322509766,1.1509579420089722,0.001,NaN,NaN,NaN,transformer,embedding,2
1460,14610,0.20507267117500305,87.86139678955078,1.2276142835617065,0.001,NaN,NaN,NaN,transformer,embedding,2
1471,14720,NaN,NaN,NaN,NaN,1.3008912801742554,60.27629852294922,3.6725685596466064,transformer,embedding,2
1474,14750,0.05050750449299812,98.15050506591797,1.051804780960083,0.001,NaN,NaN,NaN,transformer,embedding,2
1488,14890,0.13022369146347046,92.8783950805664,1.1390831470489502,0.001,NaN,NaN,NaN,transformer,embedding,2
1500,15010,NaN,NaN,NaN,NaN,1.2785736322402954,61.65781021118164,3.591513156890869,transformer,embedding,2
1502,15030,0.017189549282193184,99.53231048583984,1.0173381567001343,0.001,NaN,NaN,NaN,transformer,embedding,2
1517,15180,0.044288795441389084,98.0442123413086,1.0452841520309448,0.001,NaN,NaN,NaN,transformer,embedding,2
1529,15300,NaN,NaN,NaN,NaN,1.320134162902832,60.68012619018555,3.7439236640930176,transformer,embedding,2
1532,15330,0.01794680580496788,99.44728088378906,1.01810884475708,0.001,NaN,NaN,NaN,transformer,embedding,2
1547,15480,0.02702314406633377,98.76700592041016,1.0273915529251099,0.001,NaN,NaN,NaN,transformer,embedding,2
1559,15600,NaN,NaN,NaN,NaN,1.3741681575775146,60.425079345703125,3.9517881870269775,transformer,embedding,2
1562,15630,0.057147834450006485,96.76870727539062,1.0588123798370361,0.001,NaN,NaN,NaN,transformer,embedding,2
1577,15780,0.047504980117082596,97.93792724609375,1.0486514568328857,0.001,NaN,NaN,NaN,transformer,embedding,2
1590,15910,NaN,NaN,NaN,NaN,1.3532991409301758,60.93517303466797,3.8701727390289307,transformer,embedding,2
1592,15930,0.01586456596851349,99.36224365234375,1.0159910917282104,0.001,NaN,NaN,NaN,transformer,embedding,2
1607,16080,0.13186265528202057,91.92176818847656,1.1409516334533691,0.001,NaN,NaN,NaN,transformer,embedding,2
1621,16220,NaN,NaN,NaN,NaN,1.3568809032440186,58.72475814819336,3.8840596675872803,transformer,embedding,2
1623,16240,0.03879764676094055,98.06547546386719,1.039560079574585,0.001,NaN,NaN,NaN,transformer,embedding,2
1639,16400,0.014900132082402706,99.48979187011719,1.0150116682052612,0.001,NaN,NaN,NaN,transformer,embedding,2
1653,16540,NaN,NaN,NaN,NaN,1.3418792486190796,59.31986999511719,3.8262271881103516,transformer,embedding,2
1655,16560,0.024540046229958534,98.83078002929688,1.0248435735702515,0.001,NaN,NaN,NaN,transformer,embedding,2
1671,16720,0.0758802741765976,95.0255126953125,1.0788334608078003,0.001,NaN,NaN,NaN,transformer,embedding,2
1686,16870,NaN,NaN,NaN,NaN,1.4466674327850342,57.57704544067383,4.248930931091309,transformer,embedding,2
1687,16880,0.07884354889392853,95.0255126953125,1.0820350646972656,0.001,NaN,NaN,NaN,transformer,embedding,2
1703,17040,0.005071570165455341,99.87245178222656,1.0050843954086304,0.001,NaN,NaN,NaN,transformer,embedding,2
1719,17200,NaN,NaN,NaN,NaN,1.3468765020370483,61.91285705566406,3.845395565032959,transformer,embedding,2
1720,17210,0.03132794424891472,98.42687225341797,1.0318238735198975,0.001,NaN,NaN,NaN,transformer,embedding,2
1737,17380,0.057733599096536636,96.4498291015625,1.0594327449798584,0.001,NaN,NaN,NaN,transformer,embedding,2
1753,17540,NaN,NaN,NaN,NaN,1.7849820852279663,50.88203811645508,5.959473133087158,transformer,embedding,2
1754,17550,0.2373834103345871,86.60713958740234,1.2679271697998047,0.001,NaN,NaN,NaN,transformer,embedding,2
1771,17720,0.1788913756608963,90.07227325439453,1.1958907842636108,0.001,NaN,NaN,NaN,transformer,embedding,2
1788,17890,0.009237580932676792,99.59608459472656,1.0092803239822388,0.001,1.4308030605316162,62.29542922973633,4.182056427001953,transformer,embedding,2
1805,18060,0.01679898612201214,99.3197250366211,1.0169408321380615,0.001,NaN,NaN,NaN,transformer,embedding,2
1823,18240,0.004256754647940397,99.8299331665039,1.0042657852172852,0.001,1.3936277627944946,63.124332427978516,4.0294413566589355,transformer,embedding,2
1841,18420,0.1667860448360443,90.41241455078125,1.1815015077590942,0.001,NaN,NaN,NaN,transformer,embedding,2
1859,18600,0.021182071417570114,99.02210998535156,1.021407961845398,0.001,1.3720033168792725,62.231666564941406,3.943242311477661,transformer,embedding,2
1877,18780,0.009963861666619778,99.63860321044922,1.0100136995315552,0.001,NaN,NaN,NaN,transformer,embedding,2
1895,18960,0.03960203751921654,97.74659729003906,1.0403966903686523,0.001,NaN,NaN,NaN,transformer,embedding,2
1896,18970,NaN,NaN,NaN,NaN,1.5846381187438965,57.78958511352539,4.877525806427002,transformer,embedding,2
1913,19140,0.0031224659178406,99.87245178222656,1.0031273365020752,0.001,NaN,NaN,NaN,transformer,embedding,2
1932,19330,0.003761028405278921,99.89370727539062,1.0037680864334106,0.001,NaN,NaN,NaN,transformer,embedding,2
1933,19340,NaN,NaN,NaN,NaN,1.3825393915176392,62.869285583496094,3.9850082397460938,transformer,embedding,2
1951,19520,0.002798133296892047,99.89370727539062,1.0028020143508911,0.001,NaN,NaN,NaN,transformer,embedding,2
1970,19710,0.015375595539808273,99.4047622680664,1.015494465827942,0.001,NaN,NaN,NaN,transformer,embedding,2
1971,19720,NaN,NaN,NaN,NaN,1.4601877927780151,62.741764068603516,4.306768417358398,transformer,embedding,2
1989,19900,0.004679692909121513,99.91496276855469,1.0046906471252441,0.001,NaN,NaN,NaN,transformer,embedding,2
2008,20090,1.632732629776001,8.567176818847656,5.117840766906738,0.001,NaN,NaN,NaN,transformer,embedding,2
2010,20110,NaN,NaN,NaN,NaN,1.5331707000732422,8.331562042236328,4.632843017578125,transformer,embedding,2
2028,20290,1.0153124332427979,27.827381134033203,2.760225534439087,0.001,NaN,NaN,NaN,transformer,embedding,2
2048,20490,0.8757086396217346,35.841835021972656,2.400575876235962,0.001,NaN,NaN,NaN,transformer,embedding,2
2050,20510,NaN,NaN,NaN,NaN,0.9585670828819275,28.204036712646484,2.607956886291504,transformer,embedding,2
2068,20690,0.6725673675537109,52.168365478515625,1.9592610597610474,0.001,NaN,NaN,NaN,transformer,embedding,2
2088,20890,0.5744156837463379,57.78061294555664,1.7760924100875854,0.001,NaN,NaN,NaN,transformer,embedding,2
2090,20910,NaN,NaN,NaN,NaN,0.8989816904067993,34.388946533203125,2.457099676132202,transformer,embedding,2
2108,21090,0.45364832878112793,66.66666412353516,1.5740443468093872,0.001,NaN,NaN,NaN,transformer,embedding,2
2129,21300,0.36389607191085815,74.95748138427734,1.4389246702194214,0.001,NaN,NaN,NaN,transformer,embedding,2
2131,21320,NaN,NaN,NaN,NaN,0.8545131683349609,48.56535339355469,2.3502299785614014,transformer,embedding,2
2150,21510,0.29161345958709717,80.31462097167969,1.3385854959487915,0.001,NaN,NaN,NaN,transformer,embedding,2
2171,21720,0.26429882645606995,82.37670135498047,1.3025174140930176,0.001,NaN,NaN,NaN,transformer,embedding,2
2173,21740,NaN,NaN,NaN,NaN,0.6815176606178284,64.31455993652344,1.97687566280365,transformer,embedding,2
2192,21930,0.1748521327972412,89.07312774658203,1.1910700798034668,0.001,NaN,NaN,NaN,transformer,embedding,2
2213,22140,0.11684589833021164,92.4744873046875,1.123946189880371,0.001,NaN,NaN,NaN,transformer,embedding,2
2216,22170,NaN,NaN,NaN,NaN,0.7108073234558105,67.56641387939453,2.0356340408325195,transformer,embedding,2
2235,22360,0.11133189499378204,92.83588409423828,1.1177657842636108,0.001,NaN,NaN,NaN,transformer,embedding,2
2257,22580,0.03705181926488876,98.51190185546875,1.037746787071228,0.001,NaN,NaN,NaN,transformer,embedding,2
2260,22610,NaN,NaN,NaN,NaN,0.6400161981582642,74.64399719238281,1.8965115547180176,transformer,embedding,2
2279,22800,0.02667807787656784,98.85204315185547,1.0270371437072754,0.001,NaN,NaN,NaN,transformer,embedding,2
2301,23020,0.03068086877465248,98.68196868896484,1.0311564207077026,0.001,NaN,NaN,NaN,transformer,embedding,2
2305,23060,NaN,NaN,NaN,NaN,0.5254337191581726,80.10626983642578,1.6911921501159668,transformer,embedding,2
2324,23250,0.16058382391929626,95.49319458007812,1.1741962432861328,0.001,NaN,NaN,NaN,transformer,embedding,2
2347,23480,0.04054569453001022,97.78911590576172,1.0413788557052612,0.001,NaN,NaN,NaN,transformer,embedding,2
2351,23520,NaN,NaN,NaN,NaN,0.5350319147109985,79.08607482910156,1.7075027227401733,transformer,embedding,2
2370,23710,0.04116416350007057,97.59778594970703,1.0420231819152832,0.001,NaN,NaN,NaN,transformer,embedding,2
2393,23940,0.03154519572854042,98.10799407958984,1.032047986984253,0.001,NaN,NaN,NaN,transformer,embedding,2
2398,23990,NaN,NaN,NaN,NaN,0.48684558272361755,80.48883819580078,1.6271753311157227,transformer,embedding,2
2416,24170,0.022294579073786736,98.95832824707031,1.0225449800491333,0.001,NaN,NaN,NaN,transformer,embedding,2
2440,24410,0.0018870356725528836,99.95748138427734,1.0018888711929321,0.001,NaN,NaN,NaN,transformer,embedding,2
2445,24460,NaN,NaN,NaN,NaN,0.6419851779937744,73.58129119873047,1.9002494812011719,transformer,embedding,2
2464,24650,0.018036073073744774,99.25595092773438,1.0181996822357178,0.001,NaN,NaN,NaN,transformer,embedding,2
2488,24890,0.028474222868680954,98.15050506591797,1.028883457183838,0.001,NaN,NaN,NaN,transformer,embedding,2
2493,24940,NaN,NaN,NaN,NaN,0.46122246980667114,82.74176025390625,1.5860116481781006,transformer,embedding,2
2512,25130,0.012786717154085636,99.29846954345703,1.0128687620162964,0.001,NaN,NaN,NaN,transformer,embedding,2
2537,25380,0.028957555070519447,98.36309051513672,1.0293809175491333,0.001,NaN,NaN,NaN,transformer,embedding,2
2542,25430,NaN,NaN,NaN,NaN,0.5561776757240295,81.93411254882812,1.7439936399459839,transformer,embedding,2
2562,25630,0.07978610694408417,95.72704315185547,1.0830553770065308,0.001,NaN,NaN,NaN,transformer,embedding,2
2587,25880,0.005774877034127712,99.80867004394531,1.0057915449142456,0.001,NaN,NaN,NaN,transformer,embedding,2
2592,25930,NaN,NaN,NaN,NaN,0.44406574964523315,85.16471862792969,1.5590330362319946,transformer,embedding,2
2612,26130,0.033681511878967285,97.8741455078125,1.0342551469802856,0.001,NaN,NaN,NaN,transformer,embedding,2
2638,26390,0.03490586578845978,97.725341796875,1.035522222518921,0.001,NaN,NaN,NaN,transformer,embedding,2
2643,26440,NaN,NaN,NaN,NaN,0.5436196327209473,80.95642852783203,1.7222294807434082,transformer,embedding,2
2664,26650,0.030478116124868393,98.19302368164062,1.0309473276138306,0.001,NaN,NaN,NaN,transformer,embedding,2
2690,26910,0.00015684055688325316,100.0,1.0001568794250488,0.001,NaN,NaN,NaN,transformer,embedding,2
2695,26960,NaN,NaN,NaN,NaN,0.2902870178222656,90.07438659667969,1.3368110656738281,transformer,embedding,2
2716,27170,0.011699452064931393,99.5748291015625,1.011768102645874,0.001,NaN,NaN,NaN,transformer,embedding,2
2743,27440,0.009470457211136818,99.61734771728516,1.009515404701233,0.001,NaN,NaN,NaN,transformer,embedding,2
2748,27490,NaN,NaN,NaN,NaN,0.33123457431793213,88.1190185546875,1.3926864862442017,transformer,embedding,2
2770,27710,0.015389597974717617,99.19216918945312,1.0155086517333984,0.001,NaN,NaN,NaN,transformer,embedding,2
2797,27980,0.033508870750665665,97.8741455078125,1.0340765714645386,0.001,NaN,NaN,NaN,transformer,embedding,2
2802,28030,NaN,NaN,NaN,NaN,0.3540083169937134,86.90753936767578,1.424767017364502,transformer,embedding,2
2824,28250,0.0001230631023645401,100.0,1.0001230239868164,0.001,NaN,NaN,NaN,transformer,embedding,2
2852,28530,3.1707066227681935e-05,100.0,1.0000317096710205,0.001,NaN,NaN,NaN,transformer,embedding,2
2858,28590,NaN,NaN,NaN,NaN,0.23796360194683075,91.94474029541016,1.2686630487442017,transformer,embedding,2
2880,28810,0.019597304984927177,98.91580963134766,1.0197906494140625,0.001,NaN,NaN,NaN,transformer,embedding,2
2908,29090,0.0008195259724743664,99.97874450683594,1.0008199214935303,0.001,NaN,NaN,NaN,transformer,embedding,2
2915,29160,NaN,NaN,NaN,NaN,0.2881345748901367,88.54409790039062,1.3339368104934692,transformer,embedding,2
2937,29380,0.011804813519120216,99.27720642089844,1.011874794960022,0.001,NaN,NaN,NaN,transformer,embedding,2
2966,29670,0.012835824862122536,99.42601776123047,1.0129185914993286,0.001,NaN,NaN,NaN,transformer,embedding,2
2973,29740,NaN,NaN,NaN,NaN,0.2438562959432602,90.1594009399414,1.2761609554290771,transformer,embedding,2
2995,29960,0.0021064046304672956,99.95748138427734,1.0021085739135742,0.001,NaN,NaN,NaN,transformer,embedding,2
3024,30250,5.643146505462937e-05,100.0,1.0000563859939575,0.001,NaN,NaN,NaN,transformer,embedding,2
3032,30330,NaN,NaN,NaN,NaN,0.172800675034523,92.454833984375,1.188629150390625,transformer,embedding,2
3054,30550,0.0013831804972141981,99.93622589111328,1.0013841390609741,0.001,NaN,NaN,NaN,transformer,embedding,2
3084,30850,5.3713043598691e-05,100.0,1.0000537633895874,0.001,NaN,NaN,NaN,transformer,embedding,2
3092,30930,NaN,NaN,NaN,NaN,0.1820501834154129,92.6461181640625,1.199674367904663,transformer,embedding,2
3114,31150,0.0064223879016935825,99.65985870361328,1.0064430236816406,0.001,NaN,NaN,NaN,transformer,embedding,2
3145,31460,5.0150625611422583e-05,100.0,1.0000501871109009,0.001,NaN,NaN,NaN,transformer,embedding,2
3153,31540,NaN,NaN,NaN,NaN,0.18750405311584473,92.62486267089844,1.2062351703643799,transformer,embedding,2
3176,31770,0.15362267196178436,91.32653045654297,1.1660507917404175,0.001,NaN,NaN,NaN,transformer,embedding,2
3207,32080,6.243463576538488e-05,100.0,1.0000624656677246,0.001,NaN,NaN,NaN,transformer,embedding,2
3216,32170,NaN,NaN,NaN,NaN,0.1737770438194275,93.53878784179688,1.1897902488708496,transformer,embedding,2
3239,32400,1.0877144632104319e-05,100.0,1.0000108480453491,0.001,NaN,NaN,NaN,transformer,embedding,2
3271,32720,0.01151260919868946,99.23469543457031,1.011579155921936,0.001,NaN,NaN,NaN,transformer,embedding,2
3280,32810,NaN,NaN,NaN,NaN,0.24038070440292358,89.84059143066406,1.2717331647872925,transformer,embedding,2
3303,33040,0.00025496931630186737,100.0,1.0002549886703491,0.001,NaN,NaN,NaN,transformer,embedding,2
3336,33370,6.305702117970213e-05,100.0,1.0000630617141724,0.001,NaN,NaN,NaN,transformer,embedding,2
3345,33460,NaN,NaN,NaN,NaN,0.17130449414253235,93.09245300292969,1.1868520975112915,transformer,embedding,2
3369,33700,1.0314419341739267e-05,100.0,1.000010371208191,0.001,NaN,NaN,NaN,transformer,embedding,2
3402,34030,3.99642412958201e-05,100.0,1.0000399351119995,0.001,NaN,NaN,NaN,transformer,embedding,2
3411,34120,NaN,NaN,NaN,NaN,0.1417529433965683,94.41020202636719,1.1522918939590454,transformer,embedding,2
3436,34370,0.0023866305127739906,99.87245178222656,1.0023894309997559,0.001,NaN,NaN,NaN,transformer,embedding,2
3470,34710,2.5744735467014834e-05,100.0,1.000025749206543,0.001,NaN,NaN,NaN,transformer,embedding,2
3479,34800,NaN,NaN,NaN,NaN,0.14140662550926208,94.13389587402344,1.151892900466919,transformer,embedding,2
3504,35050,3.212586307199672e-06,100.0,1.0000032186508179,0.001,NaN,NaN,NaN,transformer,embedding,2
3539,35400,0.02071250043809414,98.76700592041016,1.0209285020828247,0.001,NaN,NaN,NaN,transformer,embedding,2
3548,35490,NaN,NaN,NaN,NaN,0.1804056167602539,91.9234848022461,1.1977031230926514,transformer,embedding,2
3574,35750,4.516788976616226e-05,100.0,1.0000451803207397,0.001,NaN,NaN,NaN,transformer,embedding,2
3609,36100,8.9655795818544e-06,100.0,1.0000089406967163,0.001,NaN,NaN,NaN,transformer,embedding,2
3618,36190,NaN,NaN,NaN,NaN,0.10814156383275986,95.2816162109375,1.1142054796218872,transformer,embedding,2
3645,36460,4.2711802962003276e-05,100.0,1.0000426769256592,0.001,NaN,NaN,NaN,transformer,embedding,2
3681,36820,7.385494427580852e-06,100.0,1.0000073909759521,0.001,NaN,NaN,NaN,transformer,embedding,2
3690,36910,NaN,NaN,NaN,NaN,0.10866197198629379,95.21784973144531,1.1147854328155518,transformer,embedding,2
3717,37180,6.125564482317714e-07,100.0,1.0000005960464478,0.001,NaN,NaN,NaN,transformer,embedding,2
3754,37550,3.362310599186458e-05,100.0,1.0000336170196533,0.001,NaN,NaN,NaN,transformer,embedding,2
3763,37640,NaN,NaN,NaN,NaN,0.14602525532245636,93.92135620117188,1.1572253704071045,transformer,embedding,2
3791,37920,4.017835181002738e-06,100.0,1.0000040531158447,0.001,NaN,NaN,NaN,transformer,embedding,2
3828,38290,0.0056338561698794365,99.70237731933594,1.0056498050689697,0.001,NaN,NaN,NaN,transformer,embedding,2
3838,38390,NaN,NaN,NaN,NaN,0.18155749142169952,92.39106750488281,1.1990834474563599,transformer,embedding,2
3866,38670,2.7314243197906762e-05,100.0,1.0000272989273071,0.001,NaN,NaN,NaN,transformer,embedding,2
3904,39050,4.269364580977708e-06,100.0,1.0000042915344238,0.001,NaN,NaN,NaN,transformer,embedding,2
3914,39150,NaN,NaN,NaN,NaN,0.06820046901702881,96.70562744140625,1.0705798864364624,transformer,embedding,2
3943,39440,2.8928013762197224e-07,100.0,1.000000238418579,0.001,NaN,NaN,NaN,transformer,embedding,2
3982,39830,0.00048612180398777127,100.0,1.0004862546920776,0.001,NaN,NaN,NaN,transformer,embedding,2
3992,39930,NaN,NaN,NaN,NaN,0.1711803525686264,92.43357849121094,1.1867047548294067,transformer,embedding,2
4021,40220,0.005163227207958698,99.59608459472656,1.0051765441894531,0.001,NaN,NaN,NaN,transformer,embedding,2
4061,40620,0.00016541934746783227,100.0,1.0001654624938965,0.001,NaN,NaN,NaN,transformer,embedding,2
4071,40720,NaN,NaN,NaN,NaN,0.0440029539167881,97.98086547851562,1.0449854135513306,transformer,embedding,2
4101,41020,3.990354798588669e-06,100.0,1.0000039339065552,0.001,NaN,NaN,NaN,transformer,embedding,2
4142,41430,3.411807369957387e-07,100.0,1.0000003576278687,0.001,NaN,NaN,NaN,transformer,embedding,2
4152,41530,NaN,NaN,NaN,NaN,0.025374187156558037,98.78852081298828,1.0256989002227783,transformer,embedding,2
4183,41840,4.7225018562357945e-08,100.0,1.0,0.001,NaN,NaN,NaN,transformer,embedding,2
4224,42250,3.563100392511842e-08,100.0,1.0,0.001,NaN,NaN,NaN,transformer,embedding,2
4235,42360,NaN,NaN,NaN,NaN,0.027733519673347473,98.66099548339844,1.0281217098236084,transformer,embedding,2
4266,42670,3.5516965368742603e-08,100.0,1.0,0.001,NaN,NaN,NaN,transformer,embedding,2
4308,43090,3.5250870666914125e-08,100.0,1.0,0.001,NaN,NaN,NaN,transformer,embedding,2
4319,43200,NaN,NaN,NaN,NaN,0.030559515580534935,98.42720031738281,1.0310312509536743,transformer,embedding,2
4351,43520,3.577038398816512e-08,100.0,1.0,0.001,NaN,NaN,NaN,transformer,embedding,2
4394,43950,3.5859081037870055e-08,100.0,1.0,0.001,NaN,NaN,NaN,transformer,embedding,2
4405,44060,NaN,NaN,NaN,NaN,0.03428022935986519,98.19340515136719,1.0348745584487915,transformer,embedding,2
4437,44380,3.59097676039255e-08,100.0,1.0,0.001,NaN,NaN,NaN,transformer,embedding,2
4481,44820,3.6188531282732583e-08,100.0,1.0,0.001,NaN,NaN,NaN,transformer,embedding,2
4493,44940,NaN,NaN,NaN,NaN,0.03749115392565727,98.10839080810547,1.0382027626037598,transformer,embedding,2
4525,45260,3.683475569005168e-08,100.0,1.0,0.001,NaN,NaN,NaN,transformer,embedding,2
4570,45710,1.4899319410324097,67.2193832397461,4.436793327331543,0.001,NaN,NaN,NaN,transformer,embedding,2
4582,45830,NaN,NaN,NaN,NaN,0.06572108715772629,96.72688293457031,1.0679287910461426,transformer,embedding,2
4615,46160,3.5666969779413193e-05,100.0,1.0000356435775757,0.001,NaN,NaN,NaN,transformer,embedding,2
4661,46620,6.229591349438124e-07,100.0,1.0000005960464478,0.001,NaN,NaN,NaN,transformer,embedding,2
4673,46740,NaN,NaN,NaN,NaN,0.03459210693836212,98.44845581054688,1.035197377204895,transformer,embedding,2
4707,47080,4.9708546612237114e-08,100.0,1.0,0.001,NaN,NaN,NaN,transformer,embedding,2
4754,47550,0.00023158540716394782,100.0,1.0002316236495972,0.001,NaN,NaN,NaN,transformer,embedding,2
4766,47670,NaN,NaN,NaN,NaN,0.03523015230894089,97.8958511352539,1.0358580350875854,transformer,embedding,2
4801,48020,2.0893064629490254e-06,100.0,1.000002145767212,0.001,NaN,NaN,NaN,transformer,embedding,2
4849,48500,1.0636082947712566e-07,100.0,1.0000001192092896,0.001,NaN,NaN,NaN,transformer,embedding,2
4861,48620,NaN,NaN,NaN,NaN,0.021077124401926994,98.87353515625,1.0213007926940918,transformer,embedding,2
4897,48980,0.18816043436527252,87.98894500732422,1.2070271968841553,0.001,NaN,NaN,NaN,transformer,embedding,2
4945,49460,9.960750503523741e-06,100.0,1.0000100135803223,0.001,NaN,NaN,NaN,transformer,embedding,2
4958,49590,NaN,NaN,NaN,NaN,0.026856327429413795,98.59723663330078,1.0272202491760254,transformer,embedding,2
4994,49950,2.2684986333842971e-07,100.0,1.000000238418579,0.001,NaN,NaN,NaN,transformer,embedding,2
5043,50440,0.1235385537147522,96.6198959350586,1.1314936876296997,0.001,NaN,NaN,NaN,transformer,embedding,2
5057,50580,NaN,NaN,NaN,NaN,0.027569493278861046,98.40595245361328,1.027953028678894,transformer,embedding,2
5093,50940,3.7201889426796697e-06,100.0,1.000003695487976,0.001,NaN,NaN,NaN,transformer,embedding,2
5143,51440,1.4101615875006246e-07,100.0,1.0000001192092896,0.001,NaN,NaN,NaN,transformer,embedding,2
5158,51590,NaN,NaN,NaN,NaN,0.015976881608366966,99.17108917236328,1.0161051750183105,transformer,embedding,2
5194,51950,4.099085870734598e-08,100.0,1.0,0.001,NaN,NaN,NaN,transformer,embedding,2
5245,52460,1.3312401279108599e-05,100.0,1.0000133514404297,0.001,NaN,NaN,NaN,transformer,embedding,2
5261,52620,NaN,NaN,NaN,NaN,0.02253003418445587,98.59723663330078,1.0227857828140259,transformer,embedding,2
5297,52980,2.181321718808249e-07,100.0,1.000000238418579,0.001,NaN,NaN,NaN,transformer,embedding,2
5349,53500,4.723769109205023e-08,100.0,1.0,0.001,NaN,NaN,NaN,transformer,embedding,2
5366,53670,NaN,NaN,NaN,NaN,0.01630476489663124,99.2136001586914,1.016438364982605,transformer,embedding,2
5402,54030,1.4570687199011445e-05,100.0,1.0000145435333252,0.001,NaN,NaN,NaN,transformer,embedding,2
5456,54570,2.575644373337127e-07,100.0,1.000000238418579,0.001,NaN,NaN,NaN,transformer,embedding,2
5473,54740,NaN,NaN,NaN,NaN,0.01681707054376602,99.17108917236328,1.016959309577942,transformer,embedding,2
5510,55110,4.6211333426526835e-08,100.0,1.0,0.001,NaN,NaN,NaN,transformer,embedding,2
5565,55660,5.837398930452764e-06,100.0,1.000005841255188,0.001,NaN,NaN,NaN,transformer,embedding,2
5582,55830,NaN,NaN,NaN,NaN,0.01862943358719349,98.89479064941406,1.0188040733337402,transformer,embedding,2
5620,56210,1.2325133980084502e-07,100.0,1.0000001192092896,0.001,NaN,NaN,NaN,transformer,embedding,2
5676,56770,4.178913570740406e-08,100.0,1.0,0.001,NaN,NaN,NaN,transformer,embedding,2
5693,56940,NaN,NaN,NaN,NaN,0.014219139702618122,99.25611114501953,1.014320731163025,transformer,embedding,2
5732,57330,2.8550781280500814e-05,100.0,1.0000286102294922,0.001,NaN,NaN,NaN,transformer,embedding,2
5789,57900,2.587935057363211e-07,100.0,1.000000238418579,0.001,NaN,NaN,NaN,transformer,embedding,2
5806,58070,NaN,NaN,NaN,NaN,0.014142182655632496,99.29861450195312,1.0142426490783691,transformer,embedding,2
5846,58470,4.5146965277353956e-08,100.0,1.0,0.001,NaN,NaN,NaN,transformer,embedding,2
5904,59050,2.560062421252951e-05,100.0,1.0000256299972534,0.001,NaN,NaN,NaN,transformer,embedding,2
5922,59230,NaN,NaN,NaN,NaN,0.01563701406121254,99.10733032226562,1.0157599449157715,transformer,embedding,2
5963,59640,1.7090717108203535e-07,100.0,1.0000001192092896,0.001,NaN,NaN,NaN,transformer,embedding,2
6022,60230,0.0006380149279721081,100.0,1.0006382465362549,0.001,NaN,NaN,NaN,transformer,embedding,2
6040,60410,NaN,NaN,NaN,NaN,0.021314848214387894,98.80977630615234,1.0215436220169067,transformer,embedding,2
6082,60830,6.243525945137662e-07,100.0,1.0000005960464478,0.001,NaN,NaN,NaN,transformer,embedding,2
6142,61430,5.608208653029578e-08,100.0,1.0,0.001,NaN,NaN,NaN,transformer,embedding,2
6160,61610,NaN,NaN,NaN,NaN,0.01257070992141962,99.44739532470703,1.0126500129699707,transformer,embedding,2
6203,62040,9.43609938985901e-06,100.0,1.0000094175338745,0.001,NaN,NaN,NaN,transformer,embedding,2
6265,62660,1.1656102572032978e-07,100.0,1.0000001192092896,0.001,NaN,NaN,NaN,transformer,embedding,2
6283,62840,NaN,NaN,NaN,NaN,0.012484903447329998,99.34112548828125,1.0125631093978882,transformer,embedding,2
6327,63280,0.0001416766899637878,100.0,1.0001417398452759,0.001,NaN,NaN,NaN,transformer,embedding,2
6390,63910,3.811957753896422e-07,100.0,1.0000003576278687,0.001,NaN,NaN,NaN,transformer,embedding,2
6408,64090,NaN,NaN,NaN,NaN,0.010360416024923325,99.29861450195312,1.0104142427444458,transformer,embedding,2
6453,64540,5.451087403685051e-08,100.0,1.0,0.001,NaN,NaN,NaN,transformer,embedding,2
6517,65180,5.450738626677776e-06,100.0,1.0000054836273193,0.001,NaN,NaN,NaN,transformer,embedding,2
6536,65370,NaN,NaN,NaN,NaN,0.015102555975317955,99.08607482910156,1.0152171850204468,transformer,embedding,2
6582,65830,8.110741589462123e-08,100.0,1.0000001192092896,0.001,NaN,NaN,NaN,transformer,embedding,2
6647,66480,1.4694185665575787e-05,100.0,1.0000146627426147,0.001,NaN,NaN,NaN,transformer,embedding,2
6666,66670,NaN,NaN,NaN,NaN,0.02453201822936535,99.10733032226562,1.0248353481292725,transformer,embedding,2
6713,67140,1.1430557833591592e-07,100.0,1.0000001192092896,0.001,NaN,NaN,NaN,transformer,embedding,2
6780,67810,1.2075185622961726e-05,100.0,1.0000120401382446,0.001,NaN,NaN,NaN,transformer,embedding,2
6799,68000,NaN,NaN,NaN,NaN,0.01667909324169159,99.10733032226562,1.0168190002441406,transformer,embedding,2
6847,68480,1.266725178084016e-07,100.0,1.0000001192092896,0.001,NaN,NaN,NaN,transformer,embedding,2
6915,69160,1.902488111227285e-05,100.0,1.0000190734863281,0.001,NaN,NaN,NaN,transformer,embedding,2
6934,69350,NaN,NaN,NaN,NaN,0.01685541495680809,99.0648193359375,1.016998291015625,transformer,embedding,2
6984,69850,1.4959445593376586e-07,100.0,1.0000001192092896,0.001,NaN,NaN,NaN,transformer,embedding,2
7053,70540,8.355349564226344e-06,100.0,1.0000083446502686,0.001,NaN,NaN,NaN,transformer,embedding,2
7072,70730,NaN,NaN,NaN,NaN,0.011721780523657799,99.31986999511719,1.0117907524108887,transformer,embedding,2
